age,income,treatment,target
44.96714153011233,80990.33154879004,1,-1.496529255090079
38.61735698828815,73869.50524369153,0,-0.6500239344068982
46.47688538100692,60894.45554880261,1,-0.08343796979036086
55.23029856408026,50295.94833441639,0,-1.44964521969853
37.658466252766644,70473.34970420385,0,-0.9218598131253132
37.6586304305082,65902.28078132625,1,-1.0039573720814985
55.79212815507391,73427.89830041598,0,0.20726732939894396
47.67434729152909,69527.57702522955,1,0.06934433703625043
35.30525614065048,75743.29072979002,1,-0.7217375533372533
45.42560043585965,51971.47182659148,0,0.17682087213939798
35.365823071875376,79760.91098451489,0,-0.5466800845872654
35.34270246429743,62963.994070386,1,-0.2716551103260533
42.41962271566034,91128.91308937898,1,1.673452090298537
20.86719755342202,49662.18272865648,0,1.340461051790348
22.750821674869673,86039.45704747873,0,-1.2995812369275976
34.37712470759027,62968.66175193972,0,0.8297324178791745
29.87168879665576,50228.72994578327,0,0.8113965544915921
43.142473325952736,52741.71248918518,1,-1.1482632887526183
30.91975924478789,55194.7903770852,1,0.8187776437548606
25.876962986647086,66362.48919602875,1,1.5379319184125528
54.65648768921554,67842.5323205325,1,-1.1225448062444139
37.74223699513465,51394.49994092131,0,-0.9175028210142636
40.67528204687924,59634.68111608526,0,1.0176614668435024
25.752518137865433,92134.05537917795,1,0.271495310825648
34.556172754748175,85913.14755151067,1,0.5514762752395233
41.10922589709866,66544.85504511048,1,0.3405892164004968
28.490064225776973,60570.05217252301,1,0.39069592092814415
43.75698018345672,61800.46990077392,1,-1.326472128311083
33.99361310081195,69202.76959095625,1,1.0473177066214483
37.083062502067236,44658.111522023915,1,1.1695899924277735
33.98293387770603,56139.35193864982,1,-0.22939074406802776
58.522781845089376,34971.238891836154,1,-0.04347694981386243
39.86502775262066,65988.34683907918,0,-1.5311075025557221
29.422890710440996,69707.93909554112,1,0.5142547560178349
48.225449121031886,52752.20306550939,0,0.5720574417141441
27.791563500289776,83609.80144935049,0,-0.062191016999311004
42.08863595004755,41613.51505496488,1,1.1243533598705027
20.403298761202244,38034.376796852695,1,-0.3340772309799405
26.718139511015693,63366.77727839958,0,0.5646059258936003
41.96861235869123,75706.47453918232,0,-1.0196643386921156
47.38466579995411,85258.91537186803,1,-0.02355215087423812
41.7136828118997,53116.7360569659,0,-0.17435425790283585
38.843517176117594,76180.21250146943,1,0.22530792204094158
36.98896304410711,59422.372957489395,1,-0.3695269288333586
25.214780096325725,57410.59050088771,1,-0.1314725956716678
32.801557916052914,73254.89906230009,0,0.8260471714415063
35.393612290402125,69784.84317620129,0,-0.43676423723821745
50.57122226218915,36354.117645236256,1,-1.6065771007386793
43.43618289568462,82148.10524588844,0,1.7495839042054206
22.36959844637266,80701.37031221177,0,1.3814540786904865
43.24083969394795,50616.55947735706,0,-1.2922626951056186
36.149177195836835,65937.05300156113,0,0.6897078052451944
33.23077999694041,67410.45279424108,0,-0.5029747705513431
46.11676288840868,63910.10648735861,0,0.26348721533105957
50.30999522495951,51745.422692318694,0,0.2942241290134937
49.31280119116199,49925.64948092923,1,-0.234407800316322
31.607824767773614,59616.688935128324,0,-0.7837656655863965
36.907876241487855,77590.93528889047,0,-0.6905410523162594
43.31263431403564,68154.00231891648,0,-0.9161919154812425
49.75545127122359,54440.78501870841,0,-0.8318222082304447
35.2082576215471,71575.48065972517,0,-0.06717829004935526
38.14341023336183,17271.86069054887,0,-0.7157599891107518
28.936650259939718,77231.48550558156,0,0.6820520657126199
28.037933759193294,33904.293318328506,0,1.4872461553359273
48.125258223941984,54563.38587895302,1,-0.580053241370043
53.56240028570823,43204.95158060784,0,0.23940450053537707
39.27989878419666,40579.77786418641,0,0.49968511030293383
50.03532897892024,77412.4018106778,0,0.4720022709192744
43.61636025047634,52984.48198032163,0,0.07595526791608741
33.54880245394876,65197.55822596073,1,0.7426824183597224
43.61395605508414,59296.19131681224,1,0.4822489526806572
55.38036566465969,67155.61240834682,1,-1.2376624223272978
39.64173960890049,61152.32836590383,1,0.8691560643892732
55.64643655814006,40755.11663717146,1,0.8872908372667421
13.802548959102555,74944.0022917071,1,-0.7632861041785816
48.21902504375224,52593.65125258031,1,0.03793783544760203
40.870470682381715,36651.271520103735,1,0.6833289928110694
37.009926495341325,53578.27258551131,1,-0.20931381957936157
40.91760776535502,82511.39685951466,1,1.0729780477660118
20.124310853991073,72753.3261317024,1,2.3638724946193608
37.80328112162488,54770.21798388211,1,-0.7859860326349823
43.57112571511746,54761.13443522357,1,-1.3810446031537749
54.77894044741516,55175.47423173926,1,0.30381859560487573
34.81729781726352,91151.21975341262,1,0.7215625051261435
31.915063971068122,65729.0317834733,1,-0.23086637384476896
34.982429564154636,66450.62470786604,0,1.4532606633210343
49.15402117702074,75454.25181047764,1,-1.3386057997232488
43.287511096596845,63581.8373853977,0,0.6929186230316111
34.70239796232961,56114.36781268945,1,-0.6058608207588934
45.13267433113356,57054.75226372533,1,1.7193779062072967
40.9707754934804,58925.98110878904,0,1.9925153531681183
49.68644990532889,59441.66645235238,1,-0.7666565877833479
32.979469061226474,70914.4431545547,0,-0.5495571359085801
36.723378534022316,60779.18828710949,0,0.8595878869798019
36.078918468678424,70989.6011582337,0,-0.3871306497895146
25.364850518678814,58789.251298371266,1,-0.04541121793223822
42.96120277064576,61179.52785474136,1,0.02538842054241018
42.610552721798896,30026.989732018385,1,-1.9196731561976563
40.05113456642461,73744.91512053722,0,-0.01383774609423725
37.65412866624853,65197.32713846989,0,-0.6897277740641738
25.84629257949586,74970.15164789479,1,-0.493122822399772
35.79354677234641,16556.169327094663,1,1.4436320034688142
36.572854834732304,91325.62057171091,1,-1.2565068942792563
31.97722730778381,57906.15557767239,1,0.8132051867479773
38.387142883339905,76622.74225106275,1,-0.2789629303318085
44.040508568145384,44401.411093117036,0,-0.2797601684958344
58.8618590121053,69191.60857593855,0,0.7903718960517113
41.74577812831839,44198.76655239516,0,0.34005129456889044
42.57550390722764,50643.465589562926,1,0.570612997219531
39.25554084233833,88710.4703080018,0,0.9681846605328611
20.812287847009586,57139.7639885498,0,-0.33130838318332273
39.73486124550783,63261.49309769584,0,-0.6122367345077503
40.60230209941027,73051.01596033131,0,-1.085150526557798
64.63242112485287,67435.22831958906,0,-0.8254105299789551
38.076390352188774,62256.28357715365,1,2.9490944253087252
43.015473423336125,65474.41503699338,0,1.2446795807367868
39.65288230294757,96051.23377857413,1,-1.3510743662080213
28.313219623804677,59135.71804449622,1,-1.3224579567435701
51.42822814515021,63016.485700724515,1,0.4818660617184915
47.519330326867745,75759.81594011417,1,0.547264797377967
47.910319470430466,76582.88899436976,1,0.5488838353173644
30.90612545205261,77805.4545834057,0,-0.25495579355369785
54.02794310936099,69580.95333043777,0,-0.12545426000290022
25.981489372077192,42854.92630904275,1,0.3278795241593574
45.868570938002705,84501.47298451644,1,0.08589300629333041
61.90455625809979,42804.81910471968,1,-2.219300372747535
30.094636748693116,64539.531978585495,0,-0.22979963057519381
34.33702270397228,48685.86224970963,1,-0.8514064342603136
40.99651365087641,59037.92480110511,0,0.17521141890851205
34.96524345883801,64931.436154552204,1,2.98525900260341
24.493365689338674,64820.35823175409,0,0.3674816654743044
40.68562974806027,66328.81131352927,1,-0.3135296861723979
29.37696286273895,84205.6690358797,0,0.9218015019772522
44.73592430635182,66803.0145227097,1,0.4826878872092127
30.80575765766197,56337.65047064027,0,0.4200944904518413
55.499344050175395,74461.30752432536,0,0.606850593215671
32.16746707663763,77842.05733386961,0,2.0565435648295414
36.77938483794324,41585.882772945115,0,-1.1308884353259157
48.135172173696695,68961.00104774786,0,0.47363207681145447
27.69135683566045,70517.59113466347,0,-0.9263811299815384
42.27459934604129,55536.54744960012,0,0.5555126463422483
53.07142754282428,80635.6021996743,1,-0.9186865114860944
23.925167654387725,57749.1661945121,1,-0.4173668136050844
41.84633858532304,61883.64680207313,1,-0.2950899142379063
42.598827942484235,57403.922635741954,1,0.975816719344709
47.8182287177731,60233.685713722014,1,0.9184544439424138
27.63049289121918,43555.87369657197,0,-1.2457173764463845
26.795433869157236,38399.23676108559,0,0.054934110999848726
45.21941565616898,83917.57594837458,0,-0.7095798547491726
42.96984673233186,47295.57977522508,0,-1.2585049106753345
42.504928503458764,45129.114758155396,0,-0.21701705042437042
43.46448209496975,27699.148295944276,1,-0.3084827884558197
33.19975278421509,50415.57378465746,1,2.4267164863455224
42.322536971610035,40153.653098887524,1,0.43295982536069616
42.93072473298681,84630.22740204554,1,-1.3776175007542373
32.85648581973632,75147.25634013952,0,-0.5647740041709423
58.65774511144757,49677.74482233414,0,1.0213832954293984
44.73832920911788,93786.53708016463,0,2.088442772869925
28.086965027973513,74726.48230487392,1,-1.5859833122379583
46.5655360863383,55127.529247370665,0,-1.879924385139045
30.253183297726785,22508.9142768964,1,1.8709651753717822
47.87084603742452,94364.13858886113,0,0.38961417737090387
51.58595579007404,39156.41299854606,0,-0.8682927318763665
31.793176816482895,35319.018795646625,1,0.5346290861224353
49.63376129244322,75338.5564801446,0,-2.6357477390168778
44.12780926936498,96596.28609508909,0,0.003375506597160999
48.2206015999449,80764.09227765776,1,0.32782117284308526
58.967929826539475,68458.63680078539,0,0.9242701395378298
37.54611883997129,68921.31512497929,1,-1.0138959522925377
32.4626383564251,72801.23338170462,0,0.08568716140335904
31.104855703744768,71383.92884680147,0,-0.9254246260595873
31.841897150345616,64217.87135954064,0,0.2553837556743171
39.228982905858956,61563.01655927814,0,-0.8953463223630241
43.41151974816644,59061.103081507164,0,-0.4081008391602206
42.766907993300194,48690.531166999855,0,-0.9958153947902291
48.27183249036024,55789.87384699839,0,0.651136241823657
40.13001891877907,34605.64778706922,0,0.8584511166566653
54.53534077157317,58524.90559807875,1,-0.2346205699574138
37.35343166762044,45171.133392736236,1,0.03823799496002834
67.20169166589619,43446.160241763435,0,-1.4485914146335441
46.25667347765006,62698.41226730218,0,-0.29967664800678706
31.428424435837172,80880.034295169,1,-0.05020461704174478
29.291075019388877,73774.74909003469,0,2.620793091029975
44.824724152431855,36442.490945652346,0,-1.1119670257741636
37.76537214674149,45155.57795144494,1,1.4641772387524374
47.14000494092092,74111.56781982323,0,0.996858773465808
44.73237624573545,45262.68909692536,0,0.2806364044901364
39.271710873431275,56630.50275004463,1,1.7586204841951334
31.53206281931595,68250.78148536828,0,0.3721054726068629
24.851527753141355,45474.83317704547,0,0.3891591956679287
35.53485047932979,61580.6325921894,1,-0.053120653017545344
48.56398794323472,39989.617576226934,0,1.2235688824186275
42.14093744130204,50979.48534073179,1,1.0964692338108837
27.54261221288012,64796.72901213806,0,-0.6256772874962124
41.73180925851182,36105.09399702496,0,-1.3192471945987674
43.85317379728837,66607.12106940598,1,-0.20298063739565708
31.16142563798867,59705.433016099785,1,-0.8000385643976464
41.53725105945528,68287.34931625721,0,-0.0635245746153551
40.58208718446,63358.712010969924,1,1.2374381346841392
28.57029702169377,80462.10644960766,1,-0.45730165508679
43.577873603482836,61878.36753971861,0,-0.04282338131157488
45.60784526368234,53558.91688312121,0,0.058022734808395225
50.830512431752766,61834.46254548425,0,0.8484308822052846
50.53802052034903,68149.47043554582,1,-2.246889333984605
26.22330632042909,60732.901054885566,1,-0.6067002947652967
30.621749600848773,60608.87536805824,1,0.21128369227947272
45.1503526720866,49470.12468289867,1,1.2000789564268612
45.13785950912209,50056.48623673578,0,-0.49190244750620515
45.150476863060476,38960.920923004596,1,-1.876552706041874
78.52731490654722,86243.65114780409,0,0.6197114459661363
45.70890510693167,41342.051469130725,1,-0.6353623888256293
51.35565640180599,49606.42203306139,0,-1.1896666590903613
49.54001763493203,49223.89101646204,0,-0.6243453897132241
46.51391251305798,73423.86565416661,0,-0.18452535765584954
36.84730755359654,55575.75482561958,1,-0.6047446645382127
47.589692204932675,78716.131090106,0,-2.205566057099069
32.27174785462428,49897.640636341974,0,0.8970661968871322
37.63181393259991,64184.91243335703,1,1.2748750412787222
35.14636452170897,47469.794201103636,0,0.6515219913395057
40.81874139386323,92177.23691660083,1,-1.1376856704248166
63.146585666735085,42186.023714557305,1,-0.20149153394751798
21.32734807408252,64647.31065340541,0,-0.006521315229458062
46.86260190374514,69506.65321398148,0,0.5987943895619102
23.872841288103483,66206.98646177247,1,0.6683404887180808
35.280681342105666,57220.68511683438,0,-0.7341737987784958
50.889505969673664,58052.689503998605,1,0.08199555641356042
40.64280019095463,60657.17207968664,1,0.4572804046152411
29.222552220706937,57794.96997557267,1,1.4558223221467665
32.84696290740032,74458.18675192364,0,0.7045065398247231
46.79597748934676,93157.84502387026,1,0.7890566873755189
32.69633368282864,51637.623224882496,0,0.08382662792936094
42.16458589581975,39452.95530631383,0,1.4104591452035038
40.45571839903814,58675.76927473118,0,0.4097627959594974
33.483996523941826,98695.64006481477,0,-0.8610879101735704
61.439440893253256,47944.88148045404,1,1.4033699701251907
46.33919022318011,84586.75208166102,0,0.6979032725390276
19.74857413342393,85165.51221114662,1,-0.4430440211284823
41.86454314769428,51696.176374380084,1,-0.47949296739924335
33.38213535231612,68534.74618777914,0,0.2965755451407618
48.52433334796224,84425.94934692807,1,0.4631847952675847
32.07479261567299,54313.08388518769,1,0.19729226563120644
38.85263558533101,56946.29459846457,0,0.3113086734428849
45.049872789804574,51274.786290770346,1,1.6999573745763805
48.657551941701215,44778.649039607,1,1.0715431522348857
27.997035929442237,50260.83682400989,1,0.19063559126502433
36.654987641590516,41640.89599856615,1,0.9413105807674833
35.25054688839044,60511.25202388839,0,-1.0325239035275395
33.46670767426288,48450.40153412038,1,0.39792704994680894
57.65454240281097,63506.788676861215,1,1.80930634973311
44.049817109609556,36661.56530694559,1,-0.21804589539237385
27.391160456649548,64963.20348321686,1,-0.8476339286190848
49.17861947054776,72502.93442413387,0,-0.6520888885930607
61.22156197012633,30093.96536142817,1,-1.0896330373423884
50.32465260551147,65610.84854771358,0,-0.7847619081277034
24.806300340459867,78415.03488709938,1,-0.370508098590029
35.15765927133749,41855.38471963192,0,-1.405567019178642
52.669111491866225,85088.58580256555,0,0.015618333949603047
32.92330534381219,66285.28514049068,0,0.9022771737866472
44.43819428146229,49424.82216362387,0,-0.9077561801469204
47.74634053429337,59163.46383513441,0,1.5192839236417688
30.73069528421917,68374.90368782583,1,0.5107920885275947
39.404746439382,61140.080871186176,1,1.0305805856240573
7.587326599309272,68081.33988669554,1,-0.6578345538521371
29.756123586657104,46189.89610380951,0,0.8545252270666157
37.4743184860684,62540.41236054117,1,-1.091933900395313
27.522168180351507,38794.2825464253,0,0.8902475008365087
56.32411303931635,58331.60907976949,0,0.17183933979353122
25.698586220393672,46441.38537802815,1,0.5532512199847837
35.599555133030165,48967.050861153504,1,-1.1755946056248516
41.30740577286091,78541.39762815656,0,-0.8950698422766047
54.412732890661154,76369.65180891403,0,0.5972282182533848
25.641378488205607,69137.07181360766,1,-0.9483480042242007
51.63163752154959,43615.308529911315,1,0.46320629209912306
40.10233061019587,55253.87325457797,1,-1.3671378064602457
30.18491348952049,78196.46549968775,1,0.8481742126666681
44.62103474263271,62125.753704598574,0,-1.232523314768509
41.9905969557347,94789.94309972541,1,0.5522999376795232
33.99783122841205,65899.76759091558,1,0.6256309336460009
40.69802084990019,62880.73674735047,1,-0.6967718184295749
36.1468640313824,55363.25303696248,0,0.5820265670847269
41.13517345251248,62003.11357173423,0,0.26044226333355597
46.62130674521047,57712.952454291844,0,-0.5388418561927383
55.86016816145352,70621.63015032886,0,-1.008554684076208
27.62184501173151,74350.53475191876,1,-1.962625691672579
61.330333746562665,48210.158092380756,0,0.3496500472996937
20.479122004774982,40031.50569663333,1,-1.5648027713620551
38.482149049644164,32456.919403450553,1,0.0953441994413082
45.883172064845766,67619.86990368816,1,-0.2634482160822491
42.809918677350325,43449.50090739189,1,0.6791427754381955
33.77300480179406,27706.64110571276,0,-0.3020454994898642
37.918777496427246,65828.67906796446,0,-0.3294477863470914
35.06999065341167,97394.99276149186,0,0.7318707042882956
34.106352430557884,59908.9363269016,1,0.3350580290841175
48.496020970210246,72577.36161677462,1,0.3161559571827783
43.57015485965047,61227.440378213476,1,0.46926758980852623
33.070904047393455,58516.65520213286,1,-1.5355721232071058
48.995998754332504,73786.14724481653,1,0.756788679986982
43.072995208766095,55645.88183717023,0,0.6124687940136023
48.1286211883896,64010.88471107854,1,-1.0166831285764972
46.29628841923612,64825.467092940205,0,-0.2440804736742013
31.710049890779278,49978.64319535427,1,-0.039307287627631186
34.39818959803031,74880.63524304784,1,-0.1344967844017327
47.472936051232615,57375.60364956887,0,0.33385996656853467
46.10370265433465,48663.82260760733,0,1.4313667818311835
39.79098406035852,68047.64765355605,1,1.0817667276728287
41.17327383308782,46522.98027313444,1,-1.3122191934314063
52.77664895788425,60422.717360536924,1,0.6220699903060487
34.0842861116417,59863.21505033695,1,1.3289333195354096
45.470973811700375,76288.43348747367,0,0.38680852068920263
37.97807347566106,67120.47349319929,1,1.090980425185967
37.8231879677278,59624.595618822845,0,2.012270445700765
50.9877685198719,72266.4944880043,1,1.0237095461069814
48.2541634898803,80853.1132352597,0,0.24930859564172886
48.135096360006386,68367.15459527794,0,1.0450884740847535
53.05478807154329,60155.28929765071,1,0.14488783309689118
40.21003841632759,40322.45651474761,0,0.02390304328495547
46.81952971294964,44023.29505386941,1,-0.35141423571373254
36.89733243406544,55421.629434679984,0,1.5634133588321082
43.24166352488442,50857.31696761075,1,-0.8184286659420014
38.698569456323156,57195.43045521831,0,1.532367724678116
40.96995964992718,60849.74887345661,1,0.49986412374037137
45.95157025436914,67945.39131535096,1,-1.3993061748019415
31.817793167665275,58942.518329113635,0,0.3676492929914216
60.92387275685461,67297.52465739303,0,-2.100026507651624
29.93982618500298,60967.1162221518,0,0.6255080168310357
27.85811387212268,30368.00150469193,0,0.885231482988991
51.581108735000676,45909.96909271869,1,-0.5923559556520536
47.91662693962936,57838.686664175766,0,0.12354769595558233
46.24119817052155,41854.578857383385,1,1.9541574337502863
46.2834550926428,68998.93094994307,0,-0.5057467042619367
39.87753227153085,82961.26248515546,1,-1.0589075870566005
31.027456285141685,78281.42777545974,1,1.4816634024625988
40.75804558193726,56798.35693604688,1,1.9625871905307948
33.22838288487888,82360.89205274929,1,0.0036956718478473255
49.75119733417751,62230.01185803167,0,1.0114630354083562
38.52942618497861,54943.71043322941,0,1.341475915530881
31.745028032074885,50798.960046885906,1,-0.742484232538384
36.78614158347007,55462.95470267808,0,-0.4853058353678683
44.12931454275624,54177.34772188157,0,1.230874513154735
34.36275447196025,62556.243335632316,1,1.6850142787085094
31.777796044335687,62408.60971574797,0,0.5628808601743548
42.436872114919126,60045.69030230122,0,-0.8798143535020543
42.44966571108723,66554.07254619525,0,1.9870611116994412
34.9305682462887,77859.69412179512,1,-0.5309708978119645
35.289616943816775,74243.31203161986,0,-0.33513778117145177
42.32049937357636,37726.53047325145,1,0.34233783448962146
25.519156585026757,21691.182976470678,0,1.5541604207147741
25.925362256234447,74014.79866858911,0,0.8539759765522237
32.81555778747564,39496.81952376869,0,0.41486550036191044
37.86552848288153,56628.518971609745,1,0.4632885301181062
43.10907565598005,42448.304609109604,1,0.04351466864346608
54.753562169495524,32970.293436299704,0,0.5581395145185063
48.576596232020194,68121.94092307182,1,-2.529560077694303
38.40061470036573,71387.3274045397,0,-0.29660745906979835
39.80983792097311,51352.34398909921,1,0.241321934916781
29.97470635362191,21134.365617826348,1,-1.151014083619507
39.8148686400761,51806.33327621276,0,0.38632331781156
37.11341361079862,65877.0600810382,0,-0.20447122098612153
43.227185603380896,37816.32646838807,0,1.75547569831549
31.72769056447677,62750.39879668733,0,1.5730197252148563
45.193465142411725,59770.35226240507,1,-0.46580556911816284
55.32738913002578,68689.37249401632,1,-0.15083771156669531
38.91239851543143,61793.705526212296,1,-0.0739475656083926
44.01711722098941,45403.96588677667,0,-0.4516594761596227
46.90143991711113,77948.57252496737,0,0.19502498402812674
35.987795281141636,57622.05640459545,1,-0.7582820688875902
42.24092481810417,59590.43190735102,0,-1.1306153349375263
40.12592400781795,46000.98061390206,1,0.6227112239002686
40.97676098548832,53350.766232127346,1,0.6295295842218108
32.26990216144534,46727.95928959649,1,-0.8043157596599924
40.245101742589426,57405.809101148654,1,0.8953554307625996
44.979982912454496,85675.62720213515,1,-0.6315777291653314
54.51143607795042,39421.48285602966,0,0.2531652380379812
49.59270826085207,35796.57903184889,0,0.820344012612456
61.531824575115564,82067.55491240413,0,-0.03361256470371301
32.326524371119504,56860.14484272201,1,0.4547409121411344
48.723206367206785,49963.908920101254,1,-0.5164296438875717
41.83342005738352,75598.57031094114,1,-0.19646658342809717
61.89802933217672,50915.766903947035,1,-0.20585943088034037
31.917017146448487,87390.14570320403,0,-0.7465783465402389
31.60278157819224,70168.88807008904,0,-0.1767741631157821
34.00607354555978,52681.32887781446,1,-1.5486182988637467
18.76104275690193,92359.62319898256,1,-0.4911537471421047
34.74244978319239,50914.27615494993,1,-0.28487549336967083
32.40867338446302,71131.4305801396,0,-0.2561797524953801
41.50393786476208,64489.38870609738,0,-0.24149744587077882
43.41755975777159,79526.11934098197,0,-0.061764199860128925
58.761708392158866,83422.66795090279,1,0.4794415180860639
49.5042383818605,60480.0622359865,1,0.8745170741325226
34.23096344337597,48698.73194480725,0,-0.6497652268482671
31.01585328651642,66899.58214408674,1,-1.2032008553891445
44.919191715065054,49834.26945371841,0,-1.042044412243103
26.797667929793576,90200.80871289935,1,-0.48720292119492714
58.31458765854354,62048.02996624106,0,-0.3519213178165091
51.79440120721287,54520.17673031837,1,-0.7699960661974573
35.30824347895295,62770.204587973625,0,-1.2961166642498945
22.868654709091224,39793.10565705455,0,-0.4561208274741882
53.538723741654124,45425.789422340225,0,0.18142662011397137
38.85460154747382,78006.20861916638,0,0.5950294658355647
52.378163119734616,50146.58581542906,0,-0.5574230531083212
24.05572341205633,44296.3352597709,0,-0.41299782214343406
34.00624977046227,68049.79128790929,1,-0.9266983088473107
40.05243699718183,77785.56231994496,1,-0.03143917037477642
40.46980593764742,70784.29965997601,1,-0.8484286341908146
35.49934528520756,74940.71528708725,0,0.5731278132412001
46.228499323474985,48648.073671458085,0,-1.7858664919341112
29.323795706174057,38672.83999887234,1,-0.3596296724524624
38.576205149787064,82520.0047793323,0,0.3011073391917421
41.20295631711899,55159.802417367966,0,0.18383451632250436
45.14438834058749,56237.50475317429,0,2.6930336639804966
47.1161487808889,79922.91212773586,0,0.34980002456790754
28.753579081621307,68343.4501410099,0,-1.0040545968420103
24.658858292643778,66838.31658122412,1,-0.09546424708907303
52.77676821898509,92475.03517351625,1,-1.7762463334664518
43.323140119795916,50347.22654429785,1,-0.08059974929676088
32.51513463443446,73917.60192121856,1,-0.8330560570007587
55.51151975522523,60855.19687345627,1,0.9153902755601617
41.156746342928585,64028.88418294885,0,-0.5495402745955349
51.792971840638266,82927.02639618798,0,-0.11676591579524663
40.67518481410109,67617.53634434435,0,-0.6355578414044034
60.60747924881987,68074.4411857445,0,1.7388513518533313
57.55340842443204,76087.61005964704,1,-0.3212427661179117
37.51035851520926,54525.70905685672,1,1.8325570434792018
49.71570950954356,47411.85498991491,1,0.8141517621182666
46.45375949585147,44327.862089684495,0,0.48206672733538614
53.68631557532349,30504.65115935997,1,0.3687331473175197
30.350765394198955,90843.10694910484,0,0.39379729821625153
46.86051459998439,43451.87451417475,1,-1.92767257934561
50.58424486849588,56681.19564621342,1,-0.2788833941507565
22.412605135768857,55847.80050166619,0,0.8451579711843216
28.16741487334225,64611.10046713651,0,-0.04889718347410554
19.607678222398995,72236.05818808945,1,-1.405189846803575
37.305931655554424,72907.10232539618,1,-0.05240445057746945
47.17542255795962,51253.83842146592,0,1.7041055162554912
55.02357052096028,57493.174293203825,1,1.2468917155347194
40.74094780419775,64238.69925732449,1,-0.062004009366031745
56.286155455712915,56269.633107246795,0,0.9514492770580866
26.198985417851084,84110.18364029989,1,-0.36650702036805183
22.966175606448452,67364.62427457377,0,-1.703871586826719
39.44452301103381,71023.16679074726,1,-0.9244659881295544
43.840654489393074,69943.21903001118,0,1.5628887685081978
39.67305251905907,77602.10786227987,1,-0.2739930818293042
19.325578999601234,62715.3233805556,0,-0.24338397937501807
39.10879960487212,40547.5207806623,1,-0.29983819627488056
26.95530499495147,65995.31927628962,0,1.904136589573007
46.69672548830039,50229.64659312257,1,1.6259589153620633
43.66598246096848,52070.74977375365,1,2.218780233448134
30.60120213672645,68795.4602813264,1,-0.1590452104000513
34.861330826633065,78574.24607150453,1,0.29562448874709507
29.407864781110483,60319.073651040926,1,-1.5166425494207911
39.37320902726828,64632.49518898446,1,1.4769344261182744
49.551423205012384,85533.22416952858,1,-1.167779551267935
30.142739536644562,63611.297692328524,1,0.2167755637626291
45.040465155178445,99025.24671270592,1,-1.097302527632844
34.69742381627559,68482.64468447317,0,-0.5888668267386961
32.07127167737656,33588.55861266273,0,-0.8372624310497003
38.929696400454425,71300.12431656799,1,-0.6078752606758179
29.647576775806257,65717.37577324167,0,-0.5391227031489786
34.46350694652818,79346.29131124119,1,-0.5482687949250771
28.021221074111516,70097.72026904937,1,0.8333339117803071
59.64725132916389,57923.16024024339,0,-1.10486279306252
40.35263551971729,41635.526455659514,1,0.22054142701386686
33.00274492007414,56864.65114070962,1,1.2179591523055584
42.13979910734222,47242.1931868605,0,-0.513196364513396
38.8767195030917,51292.14825292916,0,-0.7179188907476018
37.79030400466777,68828.67606630914,1,-0.23052462518025083
46.14166700043425,85048.56756527109,0,1.1797252083607102
47.57507710047305,65920.07294734471,0,0.1941076309533577
34.69498852389472,42061.754069472234,1,-0.5312142946075985
34.2418175935532,66669.0400233021,0,0.48387665118803974
37.24948302848356,77949.47229968477,0,-1.1022921498364233
16.98078835264415,50853.25643520927,1,0.681359510442948
24.84808937801448,57989.742499906235,0,0.4086073077017676
53.66874267444525,60220.32292093796,0,-0.3078084711388841
56.449677135012834,48226.5253037664,1,-0.838585798447231
37.50963960443622,69724.20650765789,1,-0.8866809222834573
45.765569630557664,58185.77777088327,1,0.5348173363459102
43.112501545435364,66292.98665860541,0,1.2289805024890619
70.78880808455239,46687.6173329685,1,-0.6373077470287948
51.195749114345766,53438.125495148844,1,0.45838670355148425
38.72082408519233,70835.72036741656,0,-2.0870270186020687
30.444595593995743,54407.502718623495,1,-0.5846177306571996
23.935536797424277,85904.45776850107,1,-0.031058932870901952
42.03463635867223,54005.45721578097,1,-0.9096834169818336
32.436492547156966,63370.27088627829,1,-0.936506374789596
25.77746290402326,73988.86247809634,0,-0.6677795564688862
33.534271157574736,38724.51400600452,1,0.29219272832637316
29.18451996385605,33587.86782028836,1,-0.1873290184063747
56.871416350725646,37115.15528144858,0,-2.238231233324972
48.816397569494505,78938.76155140773,1,-2.120700152635066
39.92027358683383,51722.127811613296,0,-0.6068651778571754
54.79944138890026,98372.98928502378,0,0.45768658605355206
40.77368307647618,51536.286020139174,0,-2.7475048427252347
31.387157986717362,62768.269547955555,1,-0.4997301761516306
55.23124077269657,83131.64928851814,0,-0.5262478565174211
45.38910043684659,90091.39332238684,0,1.3883377782084478
29.627538456735437,90922.55364954597,0,-0.38502181171286365
38.09661321916392,78125.49345889714,1,0.38298898474092846
31.24381746615243,75360.93788717194,1,0.14125714008746323
26.17200269035664,68887.90423801774,1,-2.1305664798072006
49.26177547531641,71675.41614249957,1,0.7682072166317373
59.094166404701305,51732.214255072,1,0.21539650545628794
26.01432426180859,47727.016748665395,1,0.5082686396745896
45.62969236690571,59949.38313883572,1,3.9262377064363267
33.49357430878173,57447.23066212607,0,-2.0841129394985884
35.12874616235304,53201.579260090875,0,1.7246966497611085
34.07606075761131,70445.81171185074,0,-0.28744751940035557
31.36009230320184,74329.57812855767,0,0.2873289044030093
40.48521627944827,61326.10329437771,1,-0.04551224530124217
31.69049883588962,82162.95121582893,0,-0.4242363333980435
42.704568257798385,42874.66328799742,0,-0.5698329282387588
39.49761890550863,57095.10811080423,0,0.32950873557300914
37.6105195313359,49247.66519095792,0,-1.5171736966716791
30.924363379584022,32001.9507439041,1,0.7505791675217656
34.23228669431667,58759.78971235951,1,-0.41619440488525394
47.55391225825756,58173.78737425074,1,-1.1300693390403578
45.009171876243805,82701.74614863197,0,-0.4500128579958137
30.22444755201449,69462.17526832166,1,1.2571492168625729
40.99332305429226,44637.19763506192,0,-0.5353350870162231
47.51387123371789,87811.38849501283,1,0.35845361820962024
23.305947188786284,78315.5054328803,1,-0.7309562757154733
45.43360192379935,68731.46555202923,1,0.7579218499236196
33.37376241054153,56602.738517252525,1,0.6855077387902041
45.70598668593159,45608.4114491478,1,1.8486088332964115
32.367408434574834,54416.8983589342,0,-0.1755639454992155
21.95117899335481,76331.22929556279,1,0.6686548047579066
23.724575621168373,88268.79458901913,0,0.09806753953894455
40.48084946661382,83148.65292408284,0,1.2958717818630143
42.59722501721482,52667.258673205884,0,-0.7188323876087304
30.956833748955916,43205.73850066483,0,0.7450053128772811
46.38592458777374,62113.29370366806,0,-0.19469729611668168
23.3847993773104,33473.40951655722,1,-0.06418817710849775
39.33920201352684,64847.515712771725,1,0.09175248444837286
27.889838002375434,57785.96120551997,1,0.2522403964266774
33.48163892197841,53009.452471976365,1,-0.11622904312195817
40.47398671316414,36079.45399099807,0,0.21471318317052634
31.395866347160478,67704.00159854574,1,1.5781180575621845
36.154444557701744,52009.487405071326,1,0.9854496856152184
50.0629280921444,42451.24746434568,0,0.8691545924968965
34.23108130476851,16916.06680077526,0,-0.4555395260238707
48.35692112065142,59587.27642424046,1,-0.8892408282283243
28.70293145342382,86583.77395004616,1,0.9553005582377528
45.298041779152825,84918.88821821805,0,0.8760467925297942
54.415686206579004,53143.55615120592,1,1.472670675750982
15.283554998727105,50966.81909457329,1,-0.6039806259692295
32.03104744529523,67031.61384112536,1,-0.22954865536034708
45.7707212718054,45024.21841217563,1,-1.6394841625254342
37.96954613957007,64526.87849729199,0,-0.39247110606087293
43.71145873371309,71491.20417577036,0,0.9965705105794472
33.960148132841795,78403.99835826461,0,-0.46649537922819795
40.865897874729,58497.68885280071,1,0.6404797952008238
38.44322764607921,56944.893747345515,1,-0.19050310599781134
51.67782061659807,46830.261198651584,1,0.32405702822156063
42.54420843301213,47596.7946894021,1,-1.1476913898156673
43.37602662075202,56602.8166214771,1,0.08520944963390106
35.881230338775325,65510.48260224267,0,-2.9911359709007233
35.123937759275066,73703.76939349875,1,-0.18689615816198485
35.67441812180379,47952.31573979482,1,-1.6304732437151401
43.944521423782966,82390.32853439283,0,1.205994516546816
35.79015519179737,55933.14598436147,1,0.7774073527645112
42.89774856896413,59679.490584773455,0,0.46667098196608103
60.75400798645439,48791.82481278265,0,1.52100622715938
48.711247034316926,23636.396095905875,0,-0.9489165208248372
36.73976467832159,73260.68094541575,0,1.7473631979155582
52.012139221639444,71052.6584563865,0,0.9321915642603847
35.91924626978449,55780.0866432268,1,-0.23655528721894603
19.61875464822146,61004.86075837308,0,1.1356201471829441
29.91913689082596,67739.0882655615,0,-1.1062935124116342
21.292080789741444,36561.812146701865,1,-0.8245141615276735
36.48486515958692,52064.209839805575,1,-0.6085897232397004
40.184183791895514,71913.97019432741,0,-0.5289777080640152
56.76437312275283,41185.65865246126,1,-1.0565576427602528
43.269273737641626,64403.368982499436,1,1.223083067095325
37.80899471191136,39651.27293064892,0,-0.25885440036983165
48.294055811834895,66996.4497365029,0,0.35250496835687956
17.88864690992115,59465.37776553775,1,-0.5703513664136806
42.356145581085656,35773.02276141736,0,-1.8206033005485172
47.708651938869664,77471.09031685758,0,0.2700573583914221
25.214137542201584,48981.12634802926,1,-1.9122549754197768
51.43754043206929,47846.213444784284,0,-0.06863404608546861
43.38496407494414,63008.53795846414,0,-1.3683150388328105
35.847120860991986,77229.56024143074,0,1.987275999230808
46.32781866106285,44762.67271532405,0,0.9113627221747217
62.70692857804396,60925.197747719576,0,0.10575379127148042
41.81866255058495,66432.24750495859,1,1.2637066776546686
42.48220586300336,70396.58410894717,1,-0.8463159774657358
35.40639100459756,62646.62332915838,0,0.543479378670093
31.501556305352082,54494.58241375016,1,0.1998104337187135
48.303358165442454,47586.146690269205,0,0.26402008133367
31.439161740911327,61292.158245695624,0,1.2723535001067678
40.715662372193925,43917.9148202159,0,0.7324921027798023
35.223425532348834,16179.742747580887,0,0.28872366282502326
44.78979825746392,66548.39706236502,0,-1.6548874362282961
43.33662105286948,73559.02261629293,1,-0.9600462952794637
50.375399442578995,24556.01346687242,1,-0.12270893359572414
34.89983601145253,44854.03942935094,0,0.09337237427665124
37.30125064706629,69287.31391507796,1,-1.1302037246739238
30.212362842176926,90862.43204567548,0,2.411676675578421
35.55706739923888,60311.905615131116,1,1.5163940552535728
43.77300493044852,49079.955881562986,0,0.6021183203924835
47.56988616645352,57256.553383427396,1,0.07203686128374476
30.778346758223748,80623.14628722277,0,-0.21220896990115168
48.6960592010566,50310.53731313197,0,-0.9519184600222356
53.55637858804951,48012.119900246194,1,0.07748051851886253
44.13434903223701,52758.847167269516,1,0.2577525401427507
58.76795812558066,45700.07087611932,0,-1.2417605754816243
32.26210800896427,61840.054739921936,1,0.33417641724489744
27.55345296688583,84370.17687704341,0,-0.15525904882474875
22.212797510957213,64846.18909674043,1,-1.907807557877391
54.96044311489183,56214.69746810569,1,-0.8603850107795019
46.54365656354058,55622.83096626684,0,-0.41360553342164424
39.44415329089545,36552.13786955015,1,1.8876876573401904
42.799686263198204,73246.64665720738,1,0.5565531245337582
28.745109527016233,58832.44204480797,0,-1.3354815690998914
64.45751979616827,57292.80129614061,1,0.486036289417637
41.292211819752275,107896.61351767291,0,-1.5473039889383655
41.09394794604893,64481.2936254853,0,1.0826910538870733
47.25766623898692,48723.134248572234,0,-0.4711246518178786
44.810092317367136,53604.63605691685,0,-0.09363618873917084
42.23884024279131,77226.68563795132,0,1.32579664754219
32.09525544554688,61699.056158066465,1,-1.28716356858425
44.714683571359956,38425.8303252395,0,-1.3971181851129912
58.82024496475034,73788.43401862806,0,-0.5835993263460049
53.454200461549775,49977.83871691509,1,1.0383788510193166
55.93186626639397,88099.46664326318,1,-1.5193460754768424
34.88784323568815,76200.72098571973,1,-2.832155598110569
30.10395179741419,53290.17156511873,0,-0.4511588584089988
38.74213079900352,79215.2454260267,0,0.5517407999109204
40.557249122886944,61017.83265791105,0,1.2002617497388293
50.94191518470949,72791.6051268333,1,-0.463161362085399
23.075353702851807,67270.99225941712,0,-0.41142660711600243
55.29550319460614,47304.6501751369,1,1.1539007342557472
38.419921014210104,50346.75251523807,0,-1.8697416996954206
35.7311893005258,75449.41226371742,1,-0.38852077518300926
29.878956247398325,54978.37001840189,0,0.19042388992505774
23.451433281342307,53945.27305137005,0,0.44921872128503426
48.231705839619146,45673.16130975971,0,-0.5098066931908826
40.73317967188404,66353.98598390192,1,0.03444101170584135
27.10039100258946,90937.87378864718,1,-2.4883273534129895
27.04921227936384,43987.006286185904,0,-0.6582484123338483
36.64215300709872,60363.29185009137,0,0.4535087125544674
56.69021525289393,81183.30833123144,0,-0.9822940342546795
37.40408648636395,58805.37913131427,1,0.058984221589597374
24.96857046881894,66785.57694374601,0,0.446872500802698
37.54256935914056,44064.0970777968,0,-0.34254920085776497
37.27276430252329,66424.60645811472,0,0.1704637709965709
13.031133570584284,57192.83602493177,0,-0.9627325652846123
39.45705133482188,74785.94993519795,1,-0.20661127969604665
37.69065469791322,77810.79077347126,1,0.6102161695892225
46.96206364813418,98843.45463027922,0,0.15697296096843422
58.48956094945345,68694.49759820364,0,-0.5865312695639355
51.26565029547757,64886.944748732494,1,0.224216404290793
37.31111309445169,62915.76452366004,1,0.714609790636618
28.934740912583298,54702.505607839674,0,-2.049941278577478
65.7335980324986,65077.25765192536,1,1.1590740649558977
40.59218434014488,55568.97884791456,1,-0.336254738681072
40.13929291912946,62526.91464404421,0,0.42548993324023027
39.758749128899964,79763.9630341194,1,1.197246923645228
41.98084760767855,44901.86152080538,1,-1.371673697230466
38.556395880760576,77098.17841693568,0,-0.7094410024275466
34.26337993119763,79756.72601009798,0,-0.2885486958757048
34.53141058759608,58228.97209513382,1,-0.7837535211244283
39.672467297840015,28172.17651487108,0,1.7349365758368085
34.56575228866235,50882.670193583515,1,-0.8567720938267928
32.871542173228356,79454.91819841664,0,-0.5555467794868666
41.064302276918966,59656.97906551677,1,0.20438903160297678
37.450227825791444,45010.466515576336,0,-1.2021495260760888
55.039929885826886,52428.376181576736,1,-0.39568071175626385
13.490301916069882,72609.3003975683,1,0.31745326125017514
50.91506851922462,68201.00352302068,1,-0.33286040438251124
52.46085192497629,56416.01851245458,0,-0.09338685889994829
19.266097675918505,54497.63382277969,0,-0.5293321124483709
36.573124059196516,54123.62776434267,1,-1.514470309180767
36.28559134004209,46163.84723252246,1,0.32159321133923857
25.924883052821787,84230.63534204163,0,1.7549330716472415
32.22183312409125,55165.192961829904,0,0.01840163078343813
28.894241545341714,78257.37781238244,0,0.22526411724754952
57.52270443423623,82819.74077883677,0,0.6927227551168594
49.35678393147461,74974.6634722194,0,-1.2693304965466992
52.71555094994159,53525.695309229275,0,1.7025146581296056
47.21672064043235,66055.95135504914,1,0.20232879642280202
28.709482287827708,59637.06590413626,0,1.631856899089109
34.75479733720226,46444.47208904808,1,-0.7330329955239894
44.89374561227918,64865.389225824045,0,1.8180619225578247
27.778721911080545,42314.403132602965,0,0.7751554940347831
47.12998430172388,77815.19082692346,1,0.5530400858523584
37.59674601841865,53030.7405405241,1,0.23402445435314795
36.251791924504026,63017.39483809259,0,-0.24852861807444937
47.10959968203491,64249.31807319213,1,1.2005316584738726
44.4426331148604,56116.42539443884,1,0.14035986984804696
36.3903383418092,68800.40702212912,1,-1.9670697035871523
51.59329803364248,52876.44515066213,1,-1.1171864617070024
29.189366724001026,73069.45946185866,0,-0.1858457521927473
46.15935606944264,39810.30479629878,1,0.3099989831655551
45.93101257968384,61895.693693196175,0,-0.05658848889989584
36.904535606860094,89083.93498587428,0,1.2189707897936632
43.26133022242118,44995.03013091638,0,-1.9511018640386248
27.48886423614697,49833.82544212723,0,0.1435879365051602
49.24027019206901,67708.61774488373,1,-1.8179792253871547
38.15097863557011,62693.72672909397,1,0.7597122954841684
34.772769794809605,65259.45148910339,0,-0.09445871444200275
50.49009225836889,67337.80695221495,0,0.41960997202411815
32.95656309457241,69520.82202842654,0,-0.8638829605897661
25.915387036364404,76645.49762934334,0,1.279464931657751
24.433708264760963,66147.27985392768,1,1.0417246640588513
46.06009951345639,56381.13518072186,0,0.5835443030118876
27.19570647503717,70088.60551804097,1,-0.12951724686344077
57.54794181984364,88498.22902342823,0,0.5798572852951321
19.18070592116278,58010.493804261394,0,-0.7068925679873489
56.96456368290038,45382.06042994038,0,0.8555556590207121
42.11017467202618,76606.2100393046,0,1.649480894323921
39.032868881296075,58194.282540696026,1,1.0706105599791862
34.550809131910505,27409.95680978946,1,-0.7296024698074095
43.991361143520706,72711.32515725633,1,0.3614173172731029
39.62365297575152,51970.07721069116,0,-1.2931415437586478
51.03301882016521,58642.00076543759,0,0.5723903111756757
41.142276486620396,64979.70495853522,1,0.45060341286253885
41.50301761461878,62857.495196685995,1,-1.869816339532164
36.36387787786144,70641.77725708559,0,-1.1617838439123638
39.43054376278933,53467.70444145235,0,-0.28313889674376713
43.07801768892059,67696.58697264123,1,-0.30085974714082625
22.898316073433744,56106.79983624124,0,-1.2094769354188053
26.51814577894287,71082.15721331254,0,0.38897872935218375
47.43264094022715,69230.5122601958,1,0.2514736089405121
41.708654381279416,45968.41946933107,0,-0.1942691319785193
38.16016663647321,76289.73174262549,1,-0.7557915001583629
40.184339330653934,51960.54832328928,0,1.0487071264165635
43.47581705361671,72120.86697421718,1,1.6554071130882952
34.60240319690639,65509.30970102011,0,-0.4835614838465371
32.216952745976876,87572.75515192683,1,-0.6121669171548207
41.958452550976816,56648.01026442222,1,0.4912076654119963
30.21627222384968,54760.24805822704,1,-0.35802937974698623
44.082527557144715,59708.70591168401,1,-0.13939720066323416
22.974163957621595,55452.303257485866,0,0.7396531517246714
50.29155637325644,71999.12852913074,0,-1.9093560875072928
44.72597482413043,35755.340873451176,1,1.3183023248526693
42.56029734313876,44194.76371280469,0,0.07268052432934134
49.82690983945514,43982.9561763121,0,-0.4114931445621802
56.65474444462576,74254.61387960364,0,-0.08923415422144892
50.1437006501813,85659.20058872888,0,-0.03757064497948127
21.591257686683548,58433.261721937924,0,-1.7312013034449254
27.204230332642986,57467.67415214984,1,1.494938227453236
33.75181422304321,61050.78244669772,1,0.041325632270618466
40.26091050210834,77428.17453912286,1,0.4430021304473752
45.17659020469123,46089.70298714139,1,0.9515497705740428
32.742561868465344,63575.53474102178,0,-1.0211624575603002
41.86766764477078,74627.96444673644,0,0.47347189903522846
32.44617067646678,67516.41254909767,1,-0.26764109089879357
33.884821970080516,62843.724248981154,0,0.8467707752164937
25.933389031517777,75015.69138850711,0,-2.1272274203514954
30.767667538890958,19451.515605011446,1,-0.099094300241269
26.483153943836662,70168.12979296362,0,-0.6028206557839616
30.241267470226674,50188.864753088645,1,0.4322629506341555
50.536417966078396,32540.506547153145,1,0.47004418736820214
30.50601111168057,67668.03899287472,0,-0.7076258948220261
66.32382064837391,80604.87817744436,0,-0.7121738641760436
44.93317900880889,57938.27228058462,1,-0.11066536855732945
41.84836123694874,74293.11820804408,1,-0.8966422273152082
31.416422198187867,84184.17386982968,0,0.8419836954521269
47.003098794089915,79723.7168037607,1,-0.36920720044744615
34.24362173762226,84599.46794057089,1,-2.9069882193216414
41.220098146453616,71131.91236607838,1,-0.3748220566218061
65.60084538268795,61131.50458352389,0,-1.0385438208439723
39.0394010027535,35970.51282154248,1,-1.6312758154609455
51.49273326285676,56309.062678050774,0,-1.2374266382225725
32.96823574874112,47351.30107025713,1,0.10940847183297006
39.65011509503038,92564.1407624672,0,1.3286408282482312
57.7080063563551,57361.712813514954,1,0.31318447386498
33.730329422122324,61848.072101767284,0,-0.6065033882157397
58.12448557996929,68272.28064060702,0,0.4559041951707027
47.07751935455475,60654.03669558681,0,-0.45909031021899177
34.37533224105732,85425.7656064613,1,-0.6946003691631446
46.32407739055521,50660.25957398322,1,-1.1543626682329844
49.7255444962673,62919.11182855864,1,-1.7518288067517191
46.21809962217196,48862.94121452927,0,-0.3899237065594453
24.297752801095434,40199.66233168941,1,0.15805348992013185
32.728628241751316,50823.46363642072,0,-0.09662367001488972
37.52481364448495,59444.44804427382,1,-0.4159669279473586
39.25566570899954,53560.4666322411,0,-0.9457460606967811
46.206720975506784,49613.68530189216,0,0.6082461916849685
41.777010009332535,38905.23804492249,0,-1.317131919946585
26.64655641289899,58753.41641056958,1,0.7760279138434754
43.801978510059634,37429.19438953497,1,-1.0022170189267248
46.10585745283823,71400.83945534404,1,-0.752435237353035
45.5979044793104,61236.59629401755,0,-1.466785190615677
50.807807255546216,38136.727508026044,0,-0.5014021468856367
48.33922154548904,55361.863844252046,1,0.9753124584779789
44.59180079228437,48717.65391614125,1,0.5156280884439565
39.29834288541353,64787.61765628771,1,0.9784221120280351
23.390390664840087,80106.75669034716,0,0.5221425459339358
44.296182191325855,31872.41295531383,0,-1.1036698285303692
42.076876871631114,61725.39118721126,0,-0.33078922432755736
42.715788371953735,57598.00806650039,0,-0.7801991291174627
27.232514241796906,70070.10114675699,0,1.3305749040390402
29.189434595917376,63197.94942356534,1,-1.1967886464263116
50.53152853332904,48720.460023917716,0,0.8936976893891109
39.60444846143345,55214.19096500073,0,0.8929538701087693
46.81500697372624,48059.612147947664,0,1.8296202017160872
40.28318376130461,76140.10707897898,0,-0.40968659262949736
40.297561394957455,60319.67473007913,0,0.7123221595801621
49.382838059759976,88517.86028629511,1,2.2816518365388427
34.83955271782626,59090.08779278069,0,-0.6176416769336966
40.96120776940983,49373.898496343056,0,-1.5350402475323597
35.377247112949576,37294.284110807595,0,-1.8800100339077637
35.65503772567684,32952.90485616082,1,0.7127120288613313
36.908278765313604,36237.96085491765,1,-1.8831502080585838
42.22133771633713,64006.89976517225,1,-0.37231905293792283
35.212513783365225,67630.87534844902,0,0.4373131870389607
52.55756125573521,36282.139469518,1,0.18517553682991406
31.053926977804963,73425.57471114173,0,0.42544486418417227
38.13128355838641,52754.08422474841,0,0.22228985580085406
35.60268941725825,62201.89517978324,1,1.2788658133133932
54.46977884353733,84183.30942383136,0,-0.952316380738797
41.965547765115744,73452.58973798298,0,-0.6769951384585313
50.31844539468635,55972.04028141251,0,-0.772659445270824
25.14439626963028,46632.11661877069,1,0.8301918118626102
42.67050265869259,27722.768980060428,0,0.9003985883950636
48.89630795623437,49212.7002113637,0,0.4512253193185082
40.82283989275424,56833.046417584585,1,1.1834936668899279
50.654803750653514,45192.30709273224,0,-1.1780408673763807
34.82711549899628,58031.145493615426,0,1.667224111551137
54.0934744018558,61152.77824438152,1,1.5232386217122582
62.9889812361925,56627.16027287882,0,0.7356219972457467
36.37161439560341,50249.961287648104,0,1.78179890877106
35.54497478599228,62529.82007950092,0,-1.6566232076777738
54.53384477117701,66629.10974354114,0,-0.5244481362626519
55.795721457307124,43644.01383835731,0,-0.7353034606819523
34.771399728467316,81163.98569619405,1,0.7214793237573432
35.798131829041424,58521.17801573608,1,-1.0501407396021456
37.18215391139493,60282.744344172716,1,0.7574951493374855
26.55549488965723,70623.21634884836,1,1.3705361439967134
30.813480535158018,63498.24196895253,0,0.6952029000839993
29.95859233247932,74297.04950869868,0,0.2837510236615011
32.32202434895871,64306.86247802736,0,-0.9878733409007492
39.65315112613219,50813.43938039343,0,-0.8468509661253646
42.342147325365204,65422.55287809153,0,1.2496189052966666
55.50500492814077,42844.10689019007,1,0.7793490039053323
30.01645959261209,61628.39558664785,1,-0.03901951937754412
49.843223984765835,59501.550140333085,0,-0.41790954576589057
37.86011155774491,56878.2471409119,0,-2.025807873111377
39.50536290347567,58071.93732841604,0,-1.0708524186844388
46.74819492166604,31772.264317535413,1,1.9114190871397234
28.772779784377015,51769.12638388558,0,-1.2804555710024668
43.82409746184051,61392.673517116724,0,0.18947982122108065
41.66452208213056,62397.84587996101,0,1.0074439731951985
44.92451264008149,44584.87288611063,1,-1.2549226680022925
42.89168643907818,78985.61761297051,0,0.1847104747810833
64.55300139910895,47007.377276782485,1,0.937915537510655
33.62260015748684,74541.85800790106,1,0.012499321907250335
34.690030449981826,66407.91542807527,1,2.8684030556667683
33.76859473575236,50306.59035234295,1,-1.6685992588781953
34.44522880839745,86629.66338914268,1,1.0587285298838789
33.62612872693482,42095.447523652794,1,-0.17280173739646437
51.89016531107552,73787.31260415002,0,0.7719201548366751
54.20504247989855,75008.73477064467,0,0.44130715169924584
34.29253706250524,49940.69686385033,0,-0.7331561971099966
31.676444268957713,80886.97950096492,1,0.22899639245934025
44.71415556386404,56249.302281015705,0,-1.8579014513982872
34.477769557190285,64330.40443919785,1,0.6032475005713938
46.32931817755511,63904.82758156831,1,0.29815846599052565
42.029230208513,57985.368877941786,1,0.6386601686431024
24.84255885002768,72162.12409739674,0,1.0581183250871502
55.47505201330061,71902.3308082832,1,0.3676198402097109
57.95877673095522,33772.02040142729,1,0.1480894197982762
33.87211309515614,79565.10364317229,0,-0.8810683366612923
36.122984400640156,35062.62017946488,0,-0.712220763649051
42.85865390724905,75488.19306512485,1,1.186734620177331
43.34456789987025,76900.57705241375,1,1.4363354057059785
46.5854427267283,43635.50354677203,0,-0.23811043631205406
60.102045387663495,53837.78568068123,0,0.04600274725327412
38.2305277250595,43414.42997271096,0,-0.9046143749937661
32.01702755461546,56776.18454566897,1,1.1727568452674448
26.20680771985473,55379.48573721388,0,0.6654168236917787
32.69069960058081,71694.9079840401,0,1.9412174364637491
39.66873027126203,79654.63119179412,0,-0.8783230771797389
57.94557863517788,80935.25716184934,1,-0.3780078990182172
34.823887009638284,51567.47960132547,0,0.2314459225255723
42.237879516388986,56861.671893832085,0,0.6464895377257707
39.83577103927248,34748.42711668575,0,-0.21566763754763232
51.88393273448084,47911.94900255717,0,-0.8729610904537004
65.26932425873622,74472.77449646186,0,0.8814075289235711
34.69131227079679,84233.74235322347,1,0.7211353625455816
35.10560557481778,41484.76692180117,1,-0.9162741005637249
50.44160877069072,51113.036112706584,1,1.3554428011054958
46.81891489626312,59603.91364561609,0,1.1701987091966037
58.46707325736034,64202.4173822941,1,0.13429649724779288
45.839281853259635,47855.94720117531,1,0.07959786237603639
36.40707909212941,66360.91566696134,1,0.5540577711159071
45.90654830692309,52892.409793936255,0,-0.8617030702562581
51.087035805829075,59783.215936825814,0,0.03003147916408217
48.204821811973645,68194.26372005549,1,-2.1523835446091804
45.07274031107298,60096.33404716407,1,0.8764556455029355
50.666746895891535,53454.21164210147,0,-1.5614932224418594
51.692955904456724,58355.852941112535,0,1.503419828428999
53.82158991037527,58674.55561191997,1,-0.3301200939664503
46.48709887589643,54449.83455176809,0,-0.2116669819311769
38.328819196831454,56118.059059993466,1,-0.6277339060845056
41.46713686433323,83979.70755757076,0,-0.2880388739220764
52.06508966508357,68413.79171911858,1,1.4185313451480366
31.83064329012764,55567.795229562595,1,-2.4878086565350794
43.686733088729014,70454.31606766104,0,1.2769653860881878
36.06661187672639,54992.70765365985,1,0.33802348110170816
40.28744822934817,77596.86956379961,1,-1.2070216478572156
52.78451862607299,65544.6328829714,1,-1.0753123930492379
41.910990680199035,58390.467839936566,0,1.676393027208203
40.46436548156149,66715.75388715416,0,-0.9455068799427312
26.401438590200808,36436.85771897251,0,-1.1533505105959594
47.46253566027221,43098.48796635292,1,1.1373145423647293
46.45484181141075,42091.12490401417,0,0.33855287628591424
61.6325472330546,62144.1464214556,1,-0.9379255765363989
36.92221765046999,85987.72499227637,1,0.216624975404619
42.19150327663939,93469.50219288949,0,-1.0257526836402773
42.49383683710755,69570.76652161135,0,1.1008213984226052
55.77453279763475,67512.66712416685,1,1.0613709648731335
39.047044676130476,32984.13398770892,1,0.5320061988219431
42.790215257703395,51859.89300398967,0,0.3616610612470166
46.078965097165394,48183.24372137642,0,1.7611881248673737
41.86609123156358,50687.28602623326,0,-0.0003136726117747121
35.535663854494715,57477.84272122815,1,-1.1818741254208012
41.94089992898308,52918.64133454309,1,0.44947391283230687
50.73631749859772,30310.502844363185,1,2.0860470495371137
29.7348470058894,71218.653841763,1,-1.0147594931858521
41.32969674146876,43908.854613902906,1,-0.36146276669398575
32.99879185060827,63588.702961667244,0,0.41644603810145264
51.950466289248425,91111.2400462496,0,-0.05390484900573916
24.768130952162252,46209.23112620365,1,-0.9823035803773146
34.410781527284115,22045.687158805056,1,1.1218578562304709
43.772118750645205,55709.936671798336,0,2.3200407220172594
55.65524029234341,76514.39452497856,0,0.19613145902390733
39.34249738927012,89375.21181330891,0,-0.9040682897360003
34.44800473306802,41556.756083213746,0,-1.548960525053475
58.8115706944059,67450.48834854782,1,0.2579759812211809
25.51986099583756,53020.3431482992,0,1.1038773433162576
18.011940433799182,58410.774685437966,1,0.4751677464953816
44.40014450053332,99665.15020525552,0,-0.002403840918853844
34.97945775647389,37455.445074072704,0,-0.5892716517893062
29.78767182869287,63806.094922418604,0,-1.0921636327180897
47.08356447299353,67015.3975764815,1,0.8347513263248821
42.43800713771199,76286.7948740902,1,0.9137716213855857
34.359213692632714,61469.747302063435,0,-1.5457297866907331
27.196956013291057,64620.75809256153,1,1.5898389781806839
48.724573282801444,54125.271488673134,1,0.5740712208940013
46.50201177958661,64036.90411867661,0,1.3995946451457935
39.00824136220617,54852.11586753884,0,-1.342127748485115
58.466369960476655,69323.57834784077,1,-1.365824155415439
29.299152336738473,54455.84495934549,1,-0.14896930976729691
24.74474829075261,65656.5059085328,1,0.5027844268951942
33.080919301187556,59561.057794725326,0,1.7963608229269636
39.54413983644502,76890.75376158251,0,0.7060789138151315
42.43339449322692,59229.094146172705,1,-0.24268127681203333
37.5876394214367,33404.512976896774,0,-1.0263692076658921
43.520553965142966,78928.82251070987,0,1.23000057271915
27.48460575809556,46414.015487060715,1,-0.9647054257507148
54.437646040732595,50193.504920267704,1,1.6284685547723217
39.178488216074314,51065.08058934762,0,-0.28438464960650933
51.172958315881274,80616.57139756226,0,1.5905820726178503
43.42725346377704,27964.886790319568,1,0.6789312900592783
44.567532191537836,107066.22800489991,0,-0.13699548944245826
45.69767280232204,75840.85213599078,0,-0.5193963718261266
44.47708560017315,63348.5837119374,1,-0.3409078773460798
46.42722759867544,59176.5899907557,1,0.4283166923752375
53.29152530132431,64283.311122864856,0,0.07715649621771674
41.9652116970147,67816.83642569007,0,-0.5938114080687051
47.09003757588512,69678.23378925085,0,-0.16563141031763223
39.102643057127736,68334.06699005172,1,0.0785770297191498
54.40117215449473,61343.71021882873,0,-2.128734094414812
33.2360769794073,57039.923695390105,0,0.4581681147886987
58.00940432910816,57730.90074519732,1,-0.9797212247168068
39.59842049355657,57076.375794709784,1,-1.153332403205745
25.69224897881952,77006.55145300596,0,-1.6873443471107104
41.28104414910789,68903.35083421294,1,-1.7938924978678903
33.18948342525119,15894.170480035798,1,-1.3554475031122892
48.406435489887244,69838.51164794642,0,-0.7090209576304904
33.47376020697609,62921.04292078162,1,1.9532591375265682
35.538165667852205,59719.36865331154,1,-0.5258796758952039
21.104592690544692,54172.22320366671,0,0.17775010626803134
35.47693680750923,76861.6907997902,1,0.4004813865063287
15.761206733710434,74212.89693184287,0,0.13106518621584873
24.16097176514277,48406.834982645865,0,-0.07744346072599365
47.604146561442974,66105.78430686802,1,-1.1952937635992447
47.85800158650832,45425.14898188071,1,1.4509275482792119
44.254575617849646,39305.72752816604,1,1.8071966436378852
30.33023856870787,50599.24163115052,0,-1.6826586941226858
39.5228864385802,72935.90208574139,1,-1.0240285908863795
39.963974609094315,74296.8756806413,0,-0.2798103423770061
28.416353108074574,67696.2813014594,1,-0.9645377949101913
55.0339830176715,70876.43680271995,1,0.5059655534558652
48.77362290575671,67742.67430672438,1,-0.7282722024066131
37.79035826170336,50377.77607165572,0,2.1650560678066024
40.26885838994531,66478.83817010911,1,1.190548594343596
42.08382807947552,72006.14287841524,1,0.2125740306322149
19.582651315757094,71314.36994720361,0,1.0269862633197322
37.52822617479403,77833.70057211965,0,1.105900424357309
33.180157520022014,70624.55770801596,1,-0.5639474880582432
29.983799901050844,65271.72311312374,1,-0.8162172445419648
37.18899707114045,76052.25357474641,1,0.07814306296964744
57.976865268495224,59602.1811112641,0,0.861636124497944
46.4084286126701,46771.88023158423,0,0.13906039865341766
34.28821010217203,57553.99554084354,0,-1.5769964821909972
45.72582781356159,48826.46032790326,0,-0.8028244439508423
