age,hidden_confounder,treatment,target
53.99355436586002,0.4967141530112327,1,0.8149641840593165
49.246336829127685,-0.13826430117118466,0,-0.5593115742290717
40.59630369920174,0.6476885381006925,1,1.150645693302116
33.53063222294426,1.5230298564080254,1,4.261128039585036
46.982233136135896,-0.23415337472333597,0,-2.596074791123794
43.934853854217494,-0.23413695694918055,0,-0.48911716347460304
48.95193220027733,1.5792128155073915,1,4.738843921884398
46.351718016819696,0.7674347291529088,1,1.4852155563905356
50.49552715319335,-0.4694743859349521,0,-0.7491774893724512
34.64764788439432,0.5425600435859647,1,2.5652502683844522
53.173940656343255,-0.46341769281246226,0,-2.9978129428063607
41.975996046923996,-0.46572975357025687,0,-2.159914039276985
60.75260872625265,0.24196227156603412,1,-0.043255535089195885
33.10812181910432,-1.913280244657798,0,-6.679743835082258
57.359638031652494,-1.7249178325130328,0,-4.34527865560735
41.979107834626475,-0.5622875292409727,0,-1.8806887264957215
33.48581996385552,-1.0128311203344238,0,-3.3030082023138823
35.16114165945678,0.3142473325952739,1,-1.061120366620932
36.7965269180568,-0.9080240755212109,0,-2.0886541963544065
44.241659464019165,-1.4123037013352915,0,-5.476169498859347
45.228354880355,1.465648768921554,1,4.45687893703099
34.26299996061421,-0.22577630048653566,0,-0.3999519635014153
39.756454077390174,0.06752820468792384,1,1.5632432099024225
61.42270358611864,-1.4247481862134568,0,-5.583064957759483
57.275431701007115,-0.5443827245251827,0,-4.652660329396373
44.36323669674032,0.11092258970986608,1,0.5166173138832931
40.380034781682,-1.1509935774223028,0,-1.652469550756055
41.200313267182615,0.37569801834567196,1,2.3660404079764534
46.13517972730416,-0.600638689918805,0,-1.592256654481789
29.772074348015945,-0.2916937497932768,0,-1.3667174350118776
37.42623462576655,-0.6017066122293969,0,-0.9979972400508803
23.314159261224106,1.8522781845089378,1,4.583288353822344
43.992231226052795,-0.013497224737933921,0,0.4358660951424175
46.47195939702741,-1.0577109289559004,0,-2.667662627701074
35.16813537700626,0.822544912103189,1,3.5278446438084465
55.73986763290033,-1.2208436499710222,0,-0.902870911001989
27.742343369976588,0.2088635950047554,1,1.0190067521930333
25.3562511979018,-1.9596701238797756,0,-6.387973997346825
42.24451818559972,-1.3281860488984305,0,-4.010132458887286
50.470983026121544,0.19686123586912352,1,-1.1784921972817477
56.83927691457869,0.7384665799954104,1,1.5206866088971729
35.4111573713106,0.1713682811899705,1,0.10482240545680749
50.78680833431296,-0.11564828238824053,0,-0.8710332450993141
39.61491530499293,-0.3011036955892888,0,-0.7509562147341444
38.273727000591805,-1.4785219903674274,0,-5.2579859034844825
48.83659937486672,-0.7198442083947086,0,-1.0385019578596544
46.5232287841342,-0.4606387709597875,0,-1.3817092479611655
24.236078430157505,1.0571222262189157,1,3.1620663575181327
54.76540349725896,0.3436182895684614,1,0.7029601521924664
53.800913541474515,-1.763040155362734,0,-5.133929782229222
33.74437298490471,0.324083969394795,1,1.7973501728520196
43.95803533437409,-0.38508228041631654,0,-2.02237705695985
44.94030186282739,-0.6769220003059587,0,-2.6888824899931327
42.60673765823907,0.6116762888408679,1,1.531302837745939
34.4969484615458,1.030999522495951,1,1.747127644014638
33.283766320619485,0.9312801191161986,1,1.9745824976270976
39.744459290085544,-0.8392175232226385,0,-2.9938734432125744
51.72729019259364,-0.3092123758512146,0,-0.05324794684091616
45.43600154594432,0.33126343140356396,1,1.2563516232126168
36.29385667913894,0.9755451271223592,1,3.120225292734622
47.716987106483444,-0.47917423784528995,0,-0.5866247513678977
11.514573793699245,-0.18565897666381712,0,-0.694348718390848
51.48765700372103,-1.1063349740060282,0,-2.928540072089195
22.602862212219005,-1.1962066240806708,0,-3.6918416251745088
36.37559058596868,0.812525822394198,1,2.7029398165822225
28.80330105373856,1.356240028570823,1,3.485961428100887
27.053185242790942,-0.07201012158033385,0,-2.6548475230174304
51.608267873785195,1.0035328978920242,1,2.8763195314897683
35.32298798688109,0.36163602504763415,1,2.5076562112428427
43.46503881730716,-0.6451197546051243,0,-1.0091438615737802
39.53079421120816,0.36139560550841393,1,2.0495843011164125
44.770408272231215,1.5380365664659692,1,5.850240421204125
40.768218910602556,-0.03582603910995154,0,-0.018820526368417176
27.170077758114303,1.5646436558140062,1,4.891246674847615
49.9626681944714,-2.6197451040897444,0,-8.476887207703584
35.06243416838687,0.8219025043752238,1,2.1496346570986216
24.43418101340249,0.08704706823817122,1,0.8769123544856552
35.718848390340874,-0.29900735046586746,0,0.30686238577121383
55.00759790634311,0.0917607765355023,1,0.13583605392550735
48.50221742113493,-1.9875689146008928,0,-6.412896008654091
36.51347865592141,-0.21967188783751193,0,-0.6584877046559385
36.50742295681571,0.3571125715117464,1,1.672544463464354
36.783649487826175,1.477894044741516,1,2.989827318091006
60.76747983560841,-0.5182702182736474,0,-3.8509916079581803
43.819354522315535,-0.8084936028931876,0,-2.976017658171146
44.300416471910694,-0.5017570435845365,0,-2.725983556667768
50.30283454031842,0.9154021177020741,1,2.2380661554589114
42.387891590265134,0.32875110965968446,1,0.8384730101615818
37.40957854179297,-0.5297602037670388,0,-2.04252902032413
38.03650150915022,0.5132674331133561,1,2.9922698338108136
39.283987405859364,0.09707754934804039,1,0.6179774126464412
39.627777634901584,0.9686449905328892,1,3.206409331209496
47.2762954363698,-0.7020530938773524,0,-1.483952137588655
40.519458858072994,-0.3276621465977682,0,-2.1218195575740735
47.32640077215579,-0.39210815313215763,0,-0.13721267197620435
39.19283419891418,-1.4635149481321186,0,-4.4663091309318155
40.786351903160906,0.29612027706457605,1,1.5588414484349407
20.017993154678923,0.26105527217988933,1,-0.28869141650048746
49.16327674702482,0.00511345664246089,1,-1.5384183960886817
43.46488475897993,-0.23458713337514692,0,0.11412825789958791
49.98010109859652,-1.4153707420504142,0,-3.8697027000537263
11.037446218063106,-0.42064532276535904,0,-2.1639875226535876
60.883747047807276,-0.3427145165267695,0,-1.8978066308550028
38.604103718448265,-0.8022772692216189,0,-1.2813970232500873
51.081828167375164,-0.16128571166600914,0,-1.6732690278653553
29.60094072874469,0.4040508568145384,1,2.8548255236995788
46.1277390506257,1.8861859012105302,1,4.757936968983722
29.46584436826344,0.17457781283183896,1,1.1621253641039
33.76231039304195,0.25755039072276437,1,0.44403269641930854
59.14031353866786,-0.07444591576616721,0,0.37984968378384143
38.09317599236653,-1.9187712152990415,0,-6.3004276480113175
42.17432873179723,-0.026513875449216878,0,-0.24233453241994485
48.70067730688754,0.06023020994102644,1,0.22160980521880044
44.95681887972604,2.463242112485286,1,6.387538881674386
41.504189051435766,-0.19236096478112252,0,0.1637414510767583
43.64961002466225,0.30154734233361247,1,0.3914284605292522
64.03415585238275,-0.03471176970524331,0,-0.33273522445574855
39.42381202966415,-1.168678037619532,0,-4.500383487467108
42.010990467149675,1.1428228145150205,1,0.8661347847497511
50.50654396007612,0.7519330326867741,1,2.0647713354601533
51.05525932957984,0.7910319470430469,1,4.785711262742057
51.8703030556038,-0.9093874547947389,0,-1.9435580764861928
46.38730222029184,1.4027943109360992,1,4.189122553073903
28.569950872695166,-1.4018510627922809,0,-4.468444017585111
56.334315323010955,0.5868570938002703,1,1.7830371742128572
28.53654606981312,2.1904556258099785,1,7.118485992605146
43.02635465239033,-0.9905363251306883,0,-4.1524217907009096
32.45724149980642,-0.5662977296027719,0,-0.5845714941394435
39.35861653407007,0.09965136508764122,1,1.0143354107041678
43.2876241030348,-0.5034756541161992,0,-0.792241236640663
43.21357215450273,-1.5506634310661327,0,-4.213514554388671
44.21920754235285,0.06856297480602733,1,0.22530558211207188
56.13711269058647,-1.0623037137261049,0,-2.5140499052114946
44.5353430151398,0.4735924306351816,1,2.0125914256469226
37.558433647093516,-0.9194242342338032,0,-3.112313413642433
49.64087168288357,1.5499344050175394,1,4.076201442155717
51.894704889246405,-0.7832532923362371,0,-2.2479035817467246
27.723921848630077,-0.3220615162056756,0,0.5828356028781606
45.97400069849858,0.8135172173696698,1,1.2014445764551083
47.01172742310898,-1.2308643164339552,0,-5.160118215054306
37.02436496640008,0.22745993460412942,1,0.847140645048905
53.75706813311619,1.307142754282428,1,3.972315964703302
38.499444129674735,-1.6074832345612275,0,-4.649108039313274
41.255764534715425,0.1846338585323042,1,0.7978547735054129
38.2692817571613,0.25988279424842353,1,0.5564461281104655
40.155790475814676,0.7818228717773104,1,3.835332053934013
29.037249131047982,-1.236950710878082,0,-5.311756111110761
25.599491174057057,-1.3204566130842763,0,-4.789866864033075
55.94505063224972,0.5219415656168976,1,1.4625699367016454
31.530386516816723,0.29698467323318606,1,-0.752234791454609
30.086076505436928,0.25049285034587654,1,0.5756241466055585
18.466098863962852,0.3464482094969757,1,2.700814794218945
33.610382523104974,-0.6800247215784908,0,-2.0191876764395107
26.76910206592502,0.23225369716100355,1,0.9274619972016942
56.42015160136369,0.29307247329868125,1,-0.3809473452765365
50.09817089342634,-0.7143514180263678,0,-2.759415662118581
33.118496548222765,1.8657745111447566,1,5.222127153110333
62.52435805344309,0.4738329209117875,1,1.1037836659791285
49.81765486991594,-1.1913034972026486,0,-2.2922666966041776
36.75168616491378,0.6565536086338297,1,2.527351886626614
15.005942851264269,-0.9746816702273214,0,-4.035502967618996
62.90942572590742,0.787084603742452,1,2.607758589659361
26.10427533236404,1.158595579007404,1,3.9740084855189974
23.54601253043108,-0.8206823183517105,0,-1.321897916533865
50.225704320096405,0.9633761292443218,1,4.470669074301339
64.39752406339272,0.4127809269364983,1,0.22324858898162625
53.84272818510518,0.82206015999449,1,1.6553229687731317
45.639091200523595,1.8967929826539474,1,4.432801089047226
45.94754341665286,-0.2453881160028705,0,-0.9701842071155928
48.53415558780308,-0.7537361643574896,0,-1.7948501186261345
47.589285897867654,-0.8895144296255233,0,-1.681208772287468
42.811914239693756,-0.8158102849654383,0,-2.5233818785388378
41.04201103951876,-0.0771017094141042,0,-0.5511526514971565
39.374068721004775,0.3411519748166439,1,1.1752139166986721
32.46035411133324,0.27669079933001905,1,-0.005070503639965862
37.19324923133226,0.8271832490360238,1,4.571088468802845
23.070431858046145,0.01300189187790702,1,-1.5686553514843375
39.0166037320525,1.4535340771573169,1,4.545342810367676
30.114088928490826,-0.2646568332379561,0,1.229635719515771
28.96410682784229,2.720169166589619,1,8.167307344328854
41.798941511534785,0.6256673477650062,1,1.6869630082935243
53.92002286344599,-0.8571575564162826,0,-2.928918092059275
49.183166060023126,-1.0708924980611123,0,-3.3930691759457448
24.294993963768228,0.4824724152431853,1,2.820265720406086
30.103718634296627,-0.2234627853258509,0,-2.8822502673070596
49.40771187988216,0.714000494092092,1,3.6754351835726013
30.175126064616904,0.47323762457354485,1,-0.004244278729510498
37.753668500029754,-0.07282891265687277,0,-0.4851390672050331
45.50052099024552,-0.846793718068405,0,-2.9696255745038767
30.316555451363648,-1.5148472246858646,0,-3.9559884042868747
41.0537550614596,-0.4465149520670211,0,-2.937669208084811
26.659745050817953,0.8563987943234723,1,3.0313690490523597
33.98632356048786,0.21409374413020396,1,2.6665908556774642
43.19781934142537,-1.245738778711988,0,-5.100390340728774
24.070062664683306,0.173180925851182,1,0.7092489451639417
44.40474737960399,0.3853173797288368,1,0.49396996138990135
39.803622010733186,-0.883857436201133,0,-2.225685102410363
45.524899544171475,0.1537251059455279,1,0.4803230952523358
42.23914134064661,0.058208718445999896,1,-0.4668607537063099
53.64140429973844,-1.142970297830623,0,-2.941038608620795
41.25224502647907,0.3577873603482833,1,2.8777101908315927
35.70594458874747,0.5607845263682344,1,1.4914497873774046
41.222975030322836,1.083051243175277,1,3.9689116716740127
45.43298029036388,1.053802052034903,1,1.8681331982335454
40.48860070325704,-1.377669367957091,0,-5.089444480689282
40.405916912038826,-0.9378250399151228,0,-2.341068841864991
32.980083121932445,0.5150352672086598,1,3.0292218301619442
33.37099082449052,0.5137859509122088,1,1.8969712015222862
25.973947282003067,0.5150476863060479,1,1.2320850283949893
57.495767431869396,3.852731490654721,1,11.557485877387519
27.56136764608715,0.570890510693167,1,0.46226379810978346
33.07094802204092,1.135565640180599,1,4.011212246897164
32.81592734430802,0.9540017634932023,1,3.744338352803016
48.949243769444415,0.651391251305798,1,1.5020834210843137
37.05050321707972,-0.3152692446403456,0,-1.4158498816805385
52.477420726737336,0.7589692204932674,1,2.5427858911318504
33.26509375756132,-0.7728252145375718,0,-2.755195379653311
42.78994162223802,-0.23681860674000887,0,-0.776588434845849
31.646529467402427,-0.48536354782910346,0,0.643631145679205
61.45149127773388,0.08187413938632256,1,-0.0014032825870289867
28.124015809704872,2.3146585666735087,1,6.585635547999304
43.09820710227027,-1.867265192591748,0,-6.249337383410403
46.337768809320984,0.6862601903745135,1,2.8029725426234773
44.137990974514985,-1.6127158711896517,0,-5.019371786787058
38.147123411222914,-0.47193186578943347,0,-2.0651686356897265
38.70179300266574,1.088950596967366,1,4.588155823175111
40.438114719791095,0.06428001909546277,1,1.6124430618000254
38.529979983715116,-1.0777447779293061,0,-3.8336578995266235
49.638791167949094,-0.7153037092599682,0,-4.012451079140521
62.10523001591351,0.6795977489346758,1,3.0463069366409496
34.425082149921664,-0.7303666317171367,0,-2.8757297209114143
26.301970204209223,0.21645858958197486,1,1.4400013679086934
39.117179516487454,0.045571839903813784,1,-1.8333882980003942
65.79709337654319,-0.6516003476058171,0,-1.0622037045181418
31.963254320302692,2.1439440893253257,1,5.220660338695196
56.391168054440676,0.6339190223180112,1,2.632521186020558
56.77700814076441,-2.025142586657607,0,-6.0611546921363875
34.46411758292005,0.18645431476942764,1,-0.3945764750883619
45.689830791852756,-0.661786464768388,0,-2.3923957072319446
56.283966231285376,0.852433334796224,1,3.2436184613453727
36.20872259012513,-0.7925207384327007,0,-2.271667762182868
37.964196398976384,-0.11473644146689901,0,0.24020365607178717
34.18319086051356,0.5049872789804571,1,3.491402421456857
29.852432693071332,0.8657551941701215,1,1.0330239707993132
33.50722454933993,-1.2002964070557762,0,-1.9836766461987045
27.760597332377436,-0.3345012358409484,0,-0.8991477699996321
40.34083468259226,-0.4749453111609562,0,-2.323619981805997
32.30026768941358,-0.6533292325737119,0,-3.2903013234601257
42.33785911790748,1.7654542402810969,1,5.107242330066257
24.44104353796373,0.40498171096095553,1,2.136595244807326
43.30880232214457,-1.2608839543350452,0,-3.9102009833826696
48.33528961608925,0.9178619470547761,1,4.264740771411676
20.062643574285445,2.1221561970126332,1,4.915292900986341
43.74056569847572,1.0324652605511468,1,3.085306833807386
52.27668992473292,-1.5193699659540134,0,-5.81050334227516
27.903589813087947,-0.48423407286625136,0,-1.0890703359737863
56.72572386837703,1.2669111491866227,1,4.687620837657168
44.190190093660455,-0.7076694656187807,0,-2.543770190537395
32.949881442415915,0.44381942814622843,1,-1.272755572188449
39.44230922342294,0.7746340534293368,1,2.522850307084505
45.58326912521722,-0.926930471578083,0,-2.3440528630007393
40.760053914124114,-0.05952535606180008,0,0.22571868677629742
45.387559924463694,-3.2412673400690726,0,-8.488019828385063
30.793264069206337,-1.0243876413342898,0,-4.144216603651919
41.69360824036078,-0.2525681513931603,0,-0.07748834872903143
25.8628550309502,-1.2477831819648495,0,-2.550842033416574
38.887739386513,1.6324113039316352,1,3.1186463277883893
30.960923585352102,-1.4301413779606327,0,-3.970772307962921
32.64470057410233,-0.44004448669698376,0,-1.8243132910986228
52.36093175210438,0.13074057728609134,1,0.3106990587566281
50.91310120594269,1.4412732890661155,1,4.671496350736683
46.09138120907177,-1.4358621511794394,0,-4.794815017651871
29.07687235327421,1.1631637521549596,1,2.813783177303267
36.83591550305198,0.010233061019587049,1,0.06485160054678574
52.130976999791834,-0.9815086510479509,0,-4.031771892006655
41.417169136399046,0.46210347426327075,1,0.30048529390462675
63.19329539981695,0.19905969557347003,1,1.2765523696769134
43.93317839394372,-0.6002168771587947,0,-2.9494446666350402
41.92049116490031,0.06980208499001891,1,0.8757187558792686
36.908835357974986,-0.3853135968617602,0,-0.6933494977313294
41.33540904782282,0.11351734525124804,1,-1.3852546930368526
38.47530163619456,0.6621306745210467,1,1.308827371227485
47.0810867668859,1.586016816145352,1,5.952159851483429
49.56702316794584,-1.237815498826849,0,-4.694612027620229
32.140105394920504,2.1330333746562666,1,5.934695861659413
26.68767046442222,-1.9520877995225019,0,-5.394202505315609
21.637946268967035,-0.15178509503558332,0,0.3280352241758455
45.079913269125434,0.5883172064845765,1,1.513412733409234
28.966333938261265,0.28099186773503265,1,0.24546540851345633
18.47109407047517,-0.6226995198205938,0,-0.44572869776327373
43.885786045309644,-0.20812225035727522,0,1.1145329127257533
64.9299951743279,-0.4930009346588328,0,-0.500144753194703
39.939290884601064,-0.5893647569442115,0,-1.6827761282676106
48.38490774451642,0.8496020970210246,1,1.7405405694221476
40.81829358547565,0.35701548596504734,1,0.2406020513385767
39.01110346808857,-0.6929095952606542,0,-1.556214680516205
49.190764829877686,0.8995998754332507,1,3.117197847188436
37.097254558113484,0.30729952087660933,1,2.3234971555762574
42.673923140719026,0.8128621188389601,1,3.0890364490530198
43.216978061960134,0.6296288419236122,1,0.3858062240110187
33.31909546356951,-0.8289950109220723,0,-1.4350374150432985
49.92042349536523,-0.5601810401969696,0,-2.6786037479053215
38.25040243304591,0.7472936051232618,1,1.857909543417434
32.442548405071555,0.6103702654334648,1,2.081311002552089
45.365098435704034,-0.020901593964148132,0,1.93296270789152
31.015320182089628,0.117327383308782,1,3.461900705931707
40.281811573691286,1.277664895788425,1,4.439717746501458
39.90881003355796,-0.5915713888358299,0,-1.9579107852278779
50.85895565831578,0.5470973811700379,1,2.175797791990664
44.746982328799525,-0.20219265243389406,0,0.2810774685721539
39.74973041254856,-0.2176812032272203,0,-0.9737112352388526
48.17766299200287,1.09877685198719,1,5.091541911873892
53.90207549017313,0.8254163489880298,1,2.706319806155492
45.578103063518626,0.8135096360006385,1,2.9382719970933096
40.103526198433805,1.305478807154329,1,4.5823606735174485
26.881637676498404,0.02100384163275905,1,0.48459813551273284
29.348863369246274,0.6819529712949639,1,2.8847994143545037
36.94775295645332,-0.31026675659345604,0,-1.5480534563272914
33.90487797840717,0.3241663524884421,1,0.41419730351929573
38.13028697014554,-0.13014305436768459,0,-1.4905833960747485
40.56649924897107,0.09699596499271819,1,0.730489125598381
45.29692754356731,0.5951570254369136,1,2.5644075798228547
39.29501221940909,-0.8182206832334725,0,-1.9968891835485316
44.86501643826202,2.0923872756854602,1,7.9516542604039175
40.6447441481012,-1.006017381499702,0,-3.0236481633281524
20.245334336461287,-1.2141886127877322,0,-2.973824182770684
30.606646061812455,1.1581108735000678,1,2.3826317443608893
38.55912444278385,0.7916626939629359,1,1.9878883794144069
27.903052571588923,0.6241198170521551,1,2.567897208722243
45.99928729996205,0.6283455092642799,1,2.734138638535984
55.30750832343698,-0.012246772846914623,0,-0.33070726620492613
52.18761851697317,-0.8972543714858315,0,-2.7633623663155613
37.86557129069792,0.07580455819372633,1,-1.2904600720996304
54.90726136849952,-0.6771617115121117,0,-2.3885143353429443
41.486674572021116,0.9751197334177512,1,3.8157423637730394
36.629140288819606,-0.14705738150213865,0,0.13403287160015032
33.8659733645906,-0.8254971967925115,0,-1.975825868996325
36.975303135118715,-0.32138584165299344,0,-0.9143838377780202
36.118231814587716,0.41293145427562433,1,1.2458575214550494
41.70416222375488,-0.5637245528039747,0,-2.3514947978853713
41.60573981049865,-0.8222203955664315,0,-1.7678327664967597
40.03046020153415,0.2436872114919123,1,1.1520345788651267
44.369381697463496,0.24496657110872277,1,1.2269185613189677
51.906462747863415,-0.5069431753711298,0,-2.0468643687809696
49.495541354413234,-0.4710383056183228,0,-3.5664578367262125
25.151020315500965,0.2320499373576363,1,1.7933025238266045
14.46078865098045,-1.4480843414973241,0,-4.823090480500376
49.34319911239274,-1.4074637743765552,0,-5.085167087172786
26.33121301584579,-0.718444221252436,0,-1.4618537518433146
37.75234598107316,-0.21344715171184725,0,-1.0323540950546715
28.298869739406406,0.3109075655980046,1,1.9926590808406357
21.9801956241998,1.475356216949552,1,5.043074600425353
45.41462728204788,0.8576596232020194,1,3.2565481928065356
47.59155160302647,-0.1599385299634271,0,-1.8457713010908157
34.2348959927328,-0.01901620790268883,0,1.154895361678334
14.089577078550903,-1.0025293646378088,0,-2.7463375626795705
34.53755551747517,-0.01851313599238993,0,-0.4248165472233729
43.91804005402547,-0.2886586389201383,0,-0.7225874494181639
25.210884312258713,0.3227185603380895,1,-0.8080795518840516
41.83359919779156,-0.827230943552323,0,-2.073040019176298
39.846901508270044,0.5193465142411723,1,0.5286680345414452
45.792914996010886,1.5327389130025777,1,3.2455464531641987
41.19580368414153,-0.1087601484568576,0,-1.848639631588464
30.269310591184443,0.40171172209894146,1,2.3178235412867494
51.965715016644914,0.6901439917111125,1,1.441168581440549
38.4147042697303,-0.40122047188583626,0,0.3300662942589905
39.72695460490068,0.22409248181041677,1,0.13647598237895253
30.66732040926804,0.01259240078179486,1,-1.669580755247562
35.567177488084894,0.09767609854883172,1,-0.823496144302164
31.15197285973099,-0.7730097838554665,0,-1.0832177315594609
38.27053940076577,0.024510174258942714,1,-0.08236765515983938
57.11708480142343,0.49799829124544975,1,0.9457075772457484
26.280988570686436,1.4511436077950417,1,4.513449049237913
23.86438602123259,0.9592708260852069,1,3.3795952144231656
54.711703274936085,2.1531824575115563,1,7.576946188437129
37.90676322848134,-0.7673475628880495,0,-0.8535434587712223
33.309272613400836,0.8723206367206782,1,2.257193264372949
50.39904687396076,0.18334200573835174,1,-0.776021668866983
33.94384460263136,2.1898029332176723,1,6.155943638529741
58.260097135469366,-0.8082982853551515,0,-2.164614349482568
46.77925871339269,-0.8397218421807761,0,-3.482924452752939
35.120885918542974,-0.5993926454440222,0,-2.7553288512271092
61.57308213265503,-2.123895724309807,0,-6.027899291379535
33.94285076996662,-0.525755021680761,0,-1.6259174166127344
47.42095372009307,-0.759132661553698,0,-2.2446009892495074
42.99292580406492,0.15039378647620763,1,-0.30731397527144655
53.01741289398798,0.34175597577715944,1,0.7948672131257108
55.615111967268525,1.8761708392158862,1,4.704279373379355
40.320041490657665,0.9504238381860503,1,3.741469925682938
32.46582129653817,-0.5769036556624031,0,-0.6954616322634566
44.59972142939117,-0.898414671348358,0,-4.541431876283168
33.22284630247894,0.4919191715065057,1,0.5462466543271072
60.13387247526623,-1.3202332070206422,0,-5.457228876152005
41.36535331082737,1.8314587658543537,1,4.844352363156163
36.34678448687891,1.179440120721287,1,3.4548823923735004
41.84680305864909,-0.4691756521047048,0,-2.8571721760126447
26.528737104703033,-1.7131345290908775,0,-6.061263400397945
30.283859614893487,1.3538723741654128,1,3.0576597504147403
52.00413907944426,-0.11453984525261789,0,-0.13635220635890968
33.43105721028604,1.2378163119734618,1,3.782793272956636
29.5308901731806,-1.594427658794367,0,-5.505020529720355
45.36652752527286,-0.5993750229537729,0,-1.6213041967219206
51.85704154662997,0.005243699718183166,1,-0.5309489854327158
47.18953310665067,0.046980593764742055,1,-0.1307133290318271
49.960476858058165,-0.45006547147924364,0,0.32325567586080606
32.43204911430539,0.6228499323474987,1,3.209010848832844
25.78189333258156,-1.0676204293825944,0,-4.502442525075381
55.01333651955487,-0.1423794850212935,0,0.402593962815294
36.77320161157864,0.12029563171189886,1,1.1722834496272887
37.49166983544953,0.514438834058749,1,0.39505321342362887
53.281941418490575,0.7116148780888898,1,2.9536222780215304
45.5623000940066,-1.1246420918378692,0,-1.8359943571010546
44.55887772081608,-1.5341141707356223,0,-5.724887318451281
61.65002344901084,1.277676821898509,1,2.915527644681264
33.564817696198574,0.33231401197959165,1,2.0146035027822773
49.278401280812375,-0.7484865365565536,0,-1.973964298844013
40.570131248970846,1.551151975522523,1,5.204932201807091
42.68592278863257,0.11567463429285867,1,0.6876131192790728
55.28468426412532,1.1792971840638264,1,3.9285874731196233
45.07835756289624,0.06751848141010895,1,-1.1239166840807562
45.38296079049633,2.060747924881987,1,7.229561481267409
50.72507337309802,1.7553408424432044,1,6.435612519757386
36.350472704571146,-0.2489641484790735,0,-0.9762831895052483
31.607903326609936,0.9715709509543554,1,2.871235903049204
29.551908059789664,0.6453759495851475,1,0.4050203461997206
20.33643410623998,1.3686315575323487,1,4.620149428614881
60.56207129940322,-0.9649234605801045,0,-2.3227129400261695
28.96791634278317,0.6860514599984393,1,1.995963362996007
37.78746376414228,1.0584244868495878,1,4.299626820419266
37.23186700111079,-1.7587394864231143,0,-5.610295690249283
43.07406697809101,-1.183258512665775,0,-2.985169612103725
48.15737212539297,-2.0392321777601006,0,-7.137360871972418
48.60473488359745,-0.26940683444455776,0,-0.8317726542079115
34.16922561431062,0.7175422557959623,1,1.9782725094850513
38.32878286213589,1.502357052096028,1,4.732379078329026
42.825799504882994,0.07409478041977519,1,-0.14724258757403302
37.51308873816453,1.6286155455712918,1,4.754374041042207
56.07345576019993,-1.3801014582148914,0,-3.3142572032031676
44.90974951638251,-1.7033824393551547,0,-5.546911555303682
47.348777860498174,-0.05554769889661878,0,-1.7732201974285355
46.628812686674124,0.3840654489393073,1,2.9017802510233426
51.73473857485325,-0.03269474809409311,0,1.2833698344082072
41.81021558703707,-2.0674421000398766,0,-7.494588995225248
27.031680520441533,-0.08912003951278841,0,0.42234768670682915
43.996879517526416,-1.3044695005048532,0,-4.416383272065903
33.48643106208171,0.6696725488300385,1,2.272504861821175
34.713833182502434,0.36659824609684827,1,1.3940188673040386
45.863640187550935,-0.9398797863273552,0,-3.054047159298388
52.38283071433636,-0.5138669173366935,0,-2.325366417596477
40.21271576736061,-1.0592135218889516,0,-3.8681816179831143
43.088330125989636,-0.06267909727317188,0,-1.104229207300758
57.02214944635238,0.9551423205012383,1,2.03360475327327
42.407531794885685,-0.9857260463355437,0,-3.0243564290559863
66.01683114180395,0.5040465155178444,1,0.7963795574427814
45.65509645631544,-0.5302576183724408,0,-0.9087207894047025
22.392372408441823,-0.7928728322623442,0,-0.891372341451105
47.53341621104533,-0.10703035995455783,0,-0.9011443212337165
43.81158384882778,-1.035242322419374,0,-2.866322466722745
52.897527540827454,-0.553649305347182,0,-1.1612628057386123
46.73181351269958,-1.1978778925888485,0,-3.1216314068472713
38.615440160162265,1.9647251329163893,1,5.970130666665255
27.757017637106344,0.03526355197172861,1,0.8484730742749083
37.90976742713975,-0.6997255079925856,0,-1.6169275712970994
31.494795457907,0.213979910734222,1,-0.5957226901246317
34.19476550195277,-0.11232804969082982,0,0.5321719153167837
45.8857840442061,-0.22096959953322298,0,0.22438203866707318
56.69904504351406,0.6141667000434252,1,1.0792139959516942
43.94671529822981,0.7575077100473051,1,2.3104609655895176
28.041169379648156,-0.5305011476105275,0,-0.908174450020513
44.446026682201406,-0.57581824064468,0,-1.9367685415134015
51.966314866456514,-0.275051697151644,0,0.24782295631107976
33.90217095680618,-2.301921164735585,0,-4.541890999587393
38.65982833327082,-1.5151910621985523,0,-5.331559219230639
40.14688194729197,1.3668742674445247,1,2.719578199179799
32.151016869177596,1.6449677135012837,1,5.238721736108726
46.48280433843859,-0.24903603955637832,0,-0.025545613542991452
38.79051851392219,0.5765569630557664,1,1.4988045153225305
44.195324439070276,0.3112501545435361,1,2.3870111269516427
31.125078221979,3.0788808084552377,1,7.8980366256424634
35.62541699676589,1.1195749114345768,1,4.051643357335341
47.22381357827771,-0.12791759148076653,0,-0.989613595201193
36.27166847908233,-0.9555404406004258,0,-1.1472434155939808
57.269638512334055,-1.6064463202575725,0,-2.826823607604599
36.003638143853976,0.2034636358672231,1,-0.15626568018167852
42.24684725751886,-0.7563507452843033,0,-2.81860937176149
49.325908318730896,-1.4222537095976742,0,-3.4071732418132203
25.816342670669684,-0.6465728842425266,0,-2.326849302517094
22.39191188019224,-1.081548003614395,0,-3.2900552287754232
24.743436854299052,1.6871416350725648,1,5.0868133257601045
52.62584103427182,0.8816397569494505,1,0.7252461146506952
34.481418541075534,-0.007972641316617372,0,-0.03775567004408936
65.58199285668252,1.4799441388900259,1,3.750104642605903
34.357524013426115,0.0773683076476183,1,-0.2610178994569171
41.84551303197037,-0.8612842013282637,0,-1.1402206005159767
55.421099525678756,1.5231240772696573,1,3.3128653375297152
60.06092888159123,0.5389100436846587,1,2.429935317801953
60.615035766363974,-1.0372461543264564,0,-3.390701393311178
52.083662305931426,-0.1903386780836082,0,-0.850776202746659
50.240625258114626,-0.8756182533847572,0,-1.8364828641025603
45.92526949201183,-1.382799730964336,0,-3.8083478983241172
47.78361076166638,0.9261775475316414,1,3.3491456398144552
34.488142836714665,1.9094166404701305,1,6.696434581943253
31.81801116577693,-1.3985675738191412,0,-4.527011104640746
39.96625542589048,0.5629692366905709,1,1.076670975563962
38.298153774750716,-0.6506425691218269,0,-3.037078233923279
35.46771950672725,-0.48712538376469605,0,-2.2867866812730435
46.963874474567156,-0.5923939242388692,0,1.1719126525921177
49.553052085705104,-0.863990769679816,0,-1.3472927283026612
40.884068862918475,0.04852162794482699,1,-1.2055094823735404
54.77530081055262,-0.8309501164110378,0,-3.8153083059766835
28.58310885866495,0.2704568257798388,1,1.293236539058008
38.06340540720282,-0.05023810944913695,0,0.39655046903055613
32.831776793971954,-0.23894804686640975,0,-0.16796030528186479
21.3346338292694,-0.9075636620415979,0,-2.977646779678491
39.17319314157301,-0.5767713305683327,0,-1.8557682517078986
38.78252491616716,0.755391225825756,1,2.594053201636626
55.13449743242131,0.5009171876243808,1,1.5886445691664726
46.30811684554777,-0.977555244798551,0,-5.151966107143188
29.75813175670795,0.09933230542922587,1,0.06819728571248379
58.54092566334188,0.751387123371789,1,1.4027549358550535
52.21033695525353,-1.6694052811213718,0,-4.833004424455603
45.82097703468616,0.543360192379935,1,4.615339579743216
37.73515901150168,-0.6626237589458467,0,-1.620389611363236
30.405607632765204,0.5705986685931593,1,1.39826631960708
36.27793223928947,-0.7632591565425169,0,-1.3679759676502985
50.88748619704186,-1.804882100664519,0,-4.931958414784344
58.84586305934609,-1.6275424378831627,0,-4.462532823197646
55.43243528272189,0.048084946661381994,1,0.751105433199817
35.11150578213726,0.25972250172148187,1,2.835711069993987
28.803825667109887,-0.9043166251044086,0,-3.843838310639141
41.40886246911204,0.6385924587773739,1,2.389409453143576
22.315606344371485,-1.6615200622689599,0,-5.910941316788418
43.23167714184781,-0.06607979864731657,0,0.35727325040029856
38.52397413701331,-1.2110161997624567,0,-4.551735110773464
35.33963498131758,-0.6518361078021592,0,-2.372875137011562
24.052969327332043,0.047398671316414016,1,-0.15289390028866426
45.136001065697165,-0.8604133652839524,0,-1.6054233765071482
34.672991603380886,-0.38455554422982535,0,-0.23521218874706218
28.30083164289712,1.0062928092144405,1,1.7731610511969371
11.277377867183507,-0.5768918695231487,0,-1.6757414975695974
39.724850949493636,0.8356921120651418,1,1.7974964814462528
57.72251596669744,-1.129706854657618,0,-4.647625474648189
56.6125921454787,0.5298041779152828,1,1.3723954833214778
35.429037434137285,1.4415686206579004,1,4.016223073517882
33.97787939638219,-2.4716445001272893,0,-4.988217014036346
44.68774256075024,-0.7968952554704768,0,-1.9577259410507342
30.016145608117085,0.57707212718054,1,0.35359888078738266
43.01791899819466,-0.2030453860429927,0,-1.1739101622999204
47.660802783846904,0.37114587337130883,1,2.134820915543325
52.26933223884308,-0.6039851867158206,0,0.27648721272246335
38.99845923520047,0.08658978747289992,1,-1.3262139498192584
37.96326249823034,-0.15567723539207948,0,-2.3469560913152834
31.220174132434387,1.1677820616598074,1,5.3743113603512045
31.7311964596014,0.2544208433012131,1,1.1528767072745432
37.73521108098473,0.3376026620752022,1,0.14451525434924006
43.67365506816178,-0.4118769661224674,0,-0.7010018122449669
49.13584626233249,-0.48760622407249354,0,-4.0985664112343585
31.96821049319655,-0.4325581878196209,0,-1.2942990568617017
54.92688568959522,0.39445214237829684,1,1.5111775999779757
37.28876398957431,-0.42098448082026296,0,-0.3386833029229591
39.78632705651564,0.2897748568964129,1,-0.14457138160329897
32.527883208521764,2.075400798645439,1,6.311889557339676
15.757597397270583,0.8711247034316923,1,1.6879494842354896
48.8404539636105,-0.32602353216784113,0,-0.7226868408292064
47.36843897092433,1.2012139221639448,1,2.7082954441288103
37.18672442881787,-0.4080753730215514,0,-1.6323269582248747
40.66990717224872,-2.038124535177854,0,-7.110189000323791
45.15939217704099,-1.008086310917404,0,-2.3731226909285548
24.374541431134574,-1.8707919210258557,0,-4.753924646420902
34.70947322653705,-0.35151348404130867,0,-1.2891610220813399
47.94264679621827,0.0184183791895517,1,0.09349313252868344
27.457105768307507,1.6764373122752827,1,3.580720522192304
42.935579321666296,0.32692737376416264,1,0.6811054732857008
26.43418195376595,-0.21910052880886424,0,-0.7075062034683375
44.66429982433527,0.8294055811834892,1,5.109009834580442
39.643585177025166,-2.211135309007885,0,-7.745372952797819
23.848681840944906,0.23561455810856594,1,2.1710209130781353
51.64739354457171,0.7708651938869668,1,3.3094543551267086
32.65408423201951,-1.4785862457798415,0,-4.155122332849388
31.89747562985619,1.143754043206929,1,5.189882613815921
42.00569197230943,0.3384964074944141,1,1.3875946950901052
51.48637349428715,-0.4152879139008013,0,-0.8567045460344751
29.84178181021603,0.6327818661062848,1,1.845224945301309
40.61679849847972,2.270692857804396,1,8.035647455831816
44.28816500330573,0.18186625505849516,1,1.6420679989863691
46.93105607263144,0.24822058630033608,1,0.11898447140479584
41.76441555277225,-0.4593608995402441,0,-2.6973298932195
36.329721609166775,-0.8498443694647918,0,-2.752513745790033
31.724097793512804,0.8303358165442456,1,1.6909688852350906
40.86143883046375,-0.8560838259088672,0,-2.6317760523419564
29.278609880143932,0.07156623721939247,1,1.4521368463423165
10.786495165053928,-0.4776574467651167,0,-1.89027399538214
44.365598041576675,0.47897982574639186,1,1.3941160959276007
49.039348410861955,0.3336621052869483,1,1.05900905066924
16.370675644581617,1.0375399442578992,1,3.961050714978982
29.902692952900622,-0.510016398854747,0,-3.776938530548846
46.191542610051975,-0.26987493529337125,0,-1.4163251006454105
60.574954697116986,-0.9787637157823074,0,-2.7250074550674492
40.20793707675408,-0.4442932600761116,0,-0.1328008238014735
32.71997058770866,0.3773004930448522,1,0.6399990316283514
38.1710355889516,0.7569886166453519,1,0.3944131438941816
53.74876419148185,-0.9221653241776254,0,-2.1467845265667402
33.54035820875465,0.8696059201056602,1,1.9734553714913514
32.00807993349746,1.355637858804951,1,2.877246917324492
35.17256477817968,0.41343490322370086,1,0.6159593199578786
30.466713917412875,1.876795812558066,1,5.445862080018348
41.22670315994795,-0.773789199103573,0,-2.9261122618489317
56.246784584695604,-1.244654703311417,0,-5.93953016703332
43.23079273116029,-1.7787202489042786,0,-4.439094549825704
37.47646497873713,1.496044311489183,1,5.763007975746271
37.08188731084456,0.6543656563540577,1,2.614618960401679
24.36809191303343,-0.05558467091045507,0,-1.3044396831561818
48.83109777147159,0.2799686263198203,1,0.6384143450119429
39.22162802987198,-1.1254890472983765,0,-3.382988457124587
38.19520086409374,2.4457519796168263,1,7.9360503284123896
71.93107567844861,0.1292211819752275,1,1.0560040346437634
42.98752908365686,0.10939479460489289,1,-0.4059894149638171
32.48208949904816,0.725766623898692,1,2.2592954281096365
35.736424037944566,0.4810092317367132,1,1.9003080998253807
51.48445709196755,0.22388402427913137,1,2.127474394984161
41.13270410537764,-0.7904744554453119,0,-1.6669168265112129
25.617220216826333,0.4714683571359957,1,2.203461758783506
49.19228934575204,1.8820244964750337,1,5.729900117354462
33.31855914461006,1.3454200461549777,1,5.446719283668437
58.73297776217545,1.593186626639397,1,5.189322675877688
50.80048065714649,-0.5112156764311852,0,-2.394734939467126
35.52678104341249,-0.9896048202585809,0,-1.5654444906505518
52.81016361735113,-0.12578692009964815,0,0.3205425122400832
40.678555105274036,0.055724912288694604,1,-0.2758692842623985
48.52773675122219,1.0941915184709485,1,2.8030815880136024
44.84732817294475,-1.6924646297148194,0,-4.780818344003697
31.536433450091266,1.5295503194606137,1,5.051835753649426
33.56450167682538,-0.15800789857898942,0,-0.2767314301057618
50.29960817581161,-0.42688106994742003,0,-0.9693345363993751
36.65224667893459,-1.0121043752601675,0,-1.3363557512041218
35.96351536758003,-1.6548566718657693,0,-3.8930268633624228
30.44877420650647,0.8231705839619146,1,2.660147343150768
44.235990655934614,0.07331796718840389,1,1.161264482332695
60.625249192431454,-1.2899608997410539,0,-4.902406602750701
29.32467085745727,-1.295078772063616,0,-3.4873092662440395
40.24219456672758,-0.3357846992901282,0,0.8019522518627256
54.12220555415429,1.669021525289393,1,4.789018680475805
39.203586087542845,-0.2595913513636048,0,-1.6264079827098992
44.52371796249734,-1.5031429531181062,0,-5.1615177479473795
29.376064718531204,-0.24574306408594432,0,-1.8268622296002213
44.28307097207649,-0.2727235697476705,0,-1.602932617370715
38.12855734995451,-2.6968866429415717,0,-8.461168027414745
49.85729995679863,-0.05429486651781221,0,-1.5684516187320787
51.87386051564751,-0.23093453020867796,0,-0.6771852566764309
65.89563642018614,0.6962063648134184,1,2.9908962682269022
45.796331732135755,1.8489560949453452,1,4.639112104689115
43.257963165821664,1.1265650295477574,1,4.898979012285041
41.94384301577336,-0.26888869055483056,0,-0.29587398313689695
36.46833707189312,-1.1065259087416703,0,-2.2889971406009537
43.38483843461691,2.5733598032498604,1,7.062244855897444
37.04598589860971,0.05921843401448826,1,1.0321805291100805
41.68460976269614,0.013929291912946203,1,-1.0501460246564744
53.1759753560796,-0.024125087110003277,0,0.8178722395064989
29.934574347203586,0.19808476076785494,1,0.766093622097096
51.39878561129045,-0.14436041192394247,0,0.12016998421295622
53.17115067339866,-0.5736620068802363,0,-2.8965806262655605
38.81931473008921,-0.5468589412403921,0,-2.535646665997781
18.781451009914054,-0.03275327021599839,0,0.49896840760538963
33.921780129055676,-0.543424771133765,0,-2.578622317625496
52.96994546561109,-0.7128457826771644,0,-1.6753310559323698
39.77131937701118,0.10643022769189683,1,-1.0478471233845552
30.00697767705089,-0.2549772174208553,0,0.08324256040410238
34.95225078771782,1.5039929885826886,1,3.2794556509795565
48.40620026504553,-2.650969808393012,0,-7.400609487499513
45.4673356820138,1.0915068519224618,1,3.9001514894133864
37.61067900830306,1.246085192497629,1,3.041483759063312
36.33175588185313,-2.0733902324081495,0,-5.638144130139722
36.08241850956178,-0.34268759408034877,0,-0.7676205189074905
30.775898155014975,-0.37144086599579146,0,-1.6531644541801125
56.15375689469442,-1.4075116947178212,0,-5.231089768229672
36.7767953078866,-0.7778166875908753,0,-4.296075754445205
52.17158520825497,-1.1105758454658288,0,-2.982077489097793
55.213160519224516,1.7522704434236227,1,3.692008558908813
49.9831089814796,0.9356783931474612,1,2.902379378883692
35.683796872819514,1.2715550949941588,1,3.551217068900227
44.037300903366095,0.7216720640432351,1,2.844158967567901
39.758043936090836,-1.1290517712172292,0,-3.689200813141552
30.96298139269872,-0.5245202662797737,0,-1.9030085851864125
43.24359281721603,0.48937456122791806,1,2.19999438797205
28.209602088401976,-1.2221278088919454,0,-3.3313253975917188
51.87679388461564,0.7129984301723881,1,2.455151247699942
35.35382702701607,-0.24032539815813503,0,-0.25170860466587885
42.01159655872839,-0.3748208075495975,0,-2.6600345458558983
42.83287871546142,0.7109599682034915,1,2.8896685845974566
37.410950262959226,0.44426331148603976,1,1.9452587284717215
45.86693801475275,-0.3609661658190799,0,-2.099581626033737
35.25096343377476,1.159329803364248,1,3.2339089364185427
48.71297297457244,-1.0810633275998973,0,-3.282497270427323
26.540203197532513,0.6159356069442637,1,1.7133100364310587
41.26379579546412,0.5931012579683838,1,2.113163740473686
59.389289990582846,-0.3095464393139903,0,0.5027274638892126
29.996686753944253,0.326133022242118,1,2.0601657943991825
33.222550294751485,-1.251113576385303,0,-5.065559922587315
45.13907849658915,0.924027019206901,1,3.3941510479267514
41.79581781939598,-0.18490213644298903,0,0.7742269102064425
43.50630099273559,-0.5227230205190395,0,-1.181360540867916
44.891871301476634,1.0490092258368893,1,4.238008102696634
46.3472146856177,-0.7043436905427592,0,-0.10076062592751267
51.09699841956223,-1.4084612963635597,0,-3.201674342983698
44.098186569285126,-1.5566291735239037,0,-4.420578924929982
37.58742345381457,0.6060099513456396,1,2.863118328121672
46.72573701202731,-1.280429352496283,0,-3.696400224391958
58.99881934895215,1.7547941819843647,1,5.28828558923805
38.67366253617426,-2.081929407883722,0,-6.597202459364898
30.254706953293585,1.6964563682900382,1,6.6527824637022235
51.07080669286972,0.2110174672026184,1,-0.1853762643341461
38.796188360464015,-0.09671311187039239,0,1.2422283890669388
18.273304539859637,-0.5449190868089497,0,-1.1348931366864778
48.47421677150422,0.39913611435207086,1,-0.20189783174572895
34.64671814046077,-0.037634702424848364,0,0.2547451857168765
39.094667176958396,1.1033018820165215,1,1.2098791383979406
43.319803305690144,0.11422764866203965,1,0.9681909628171547
41.904996797790666,0.1503017614618776,1,1.3361367673746238
47.0945181713904,-0.36361221221385587,0,-1.6831925922936213
35.645136294301565,-0.056945623721067457,0,-0.047289175207620035
45.131057981760826,0.3078017688920592,1,2.877562740426464
37.40453322416083,-1.7101683926566256,0,-5.6362518822318135
47.38810480887503,-1.348185422105713,0,-5.103463853373739
46.153674840130535,0.743264094022715,1,3.711455684530744
30.645612979554045,0.17086543812794186,1,2.4751835049146202
50.85982116175032,-0.18398333635267913,0,-0.54825433721019
34.64036554885952,0.01843393306539316,1,1.0667648346045357
48.08057798281145,0.34758170536167105,1,2.384221031615894
43.67287313401341,-0.5397596803093615,0,-2.361763273466469
58.38183676795123,-0.7783047254023127,0,-2.820220011574806
37.76534017628148,0.19584525509768155,1,1.8184102784477796
36.506832038818025,-0.978372777615032,0,-1.2501040541365867
39.805803941122676,0.40825275571447184,1,1.78763912731777
36.968202171657246,-1.7025836042378404,0,-5.987565166215575
47.9994190194205,1.0291556373256436,1,5.074528023676372
23.83689391563412,0.472597482413043,1,0.8868215494271645
29.46317580853646,0.25602973431387566,1,0.4329514217701752
29.32197078420807,0.9826909839455139,1,3.2904107863261634
49.50307591973576,1.6654744444625766,1,6.5505837541025045
57.10613372581925,1.0143700650181304,1,3.897086171606615
38.955507814625285,-1.8408742313316453,0,-5.1077571936330255
38.311782768099896,-1.2795769667357015,0,-3.375442370088998
40.700521631131814,-0.6248185776956788,0,-1.8309410644435706
51.61878302608191,0.026091050210833786,1,0.6364126651510077
30.72646865809426,0.517659020469123,1,-0.9765830162869338
42.38368982734785,-0.7257438131534656,0,-2.4738388985301953
49.7519762978243,0.18676676447707832,1,0.801622228348016
45.01094169939845,-0.7553829323533225,0,-3.4171628806794745
41.89581616598743,-0.6115178029919482,0,-1.448230091164285
50.01046092567141,-1.4066610968482223,0,-4.424454511530788
12.967677070007628,-0.9232332461109043,0,-1.0142240400172229
46.77875319530908,-1.3516846056163336,0,-2.4820340916341443
33.45924316872576,-0.9758732529773327,0,-3.393425328050161
21.693671031435432,1.0536417966078395,1,3.010087678256823
45.11202599524981,-0.949398888831943,0,-2.9221442321042215
53.73658545162958,2.632382064837391,1,7.44548671835255
38.62551485372308,0.4933179008808892,1,1.6749786866707943
49.528745472029385,0.1848361236948739,1,-0.2037736978029685
56.122782579886454,-0.8583577801812136,0,-3.705688675481167
53.14914453584048,0.7003098794089914,1,2.723640862127243
56.39964529371393,-0.5756378262377739,0,-1.0973838944915109
47.42127491071892,0.12200981464536144,1,-0.438286315723908
40.754336389015926,2.5600845382687947,1,8.575609045568983
23.980341881028316,-0.09605989972464987,0,-0.919757428339281
37.53937511870051,1.1492733262856758,1,3.700985216895009
31.567534046838084,-0.7031764251258874,0,-1.2891852627652063
61.70942717497814,-0.0349884904969617,0,-0.1385780361945981
38.24114187567663,1.77080063563551,1,5.767142819047664
41.23204806784486,-0.6269670577877674,0,-2.397330817250874
45.51485376040468,1.8124485579969287,1,5.240879090562689
40.436024463724536,0.7077519354554754,1,1.917396375486086
56.95051040430753,-0.5624667758942676,0,-2.4339786742230416
33.77350638265548,0.632407739055521,1,1.7204490540507806
41.94607455237243,0.9725544496267299,1,1.369045050016443
32.57529414301952,0.6218099622171964,1,1.3742761395094845
26.799774887792942,-1.5702247198904564,0,-4.99554965304104
33.882309090947146,-0.7271371758248686,0,-2.437591279969986
39.62963202951588,-0.24751863555150475,0,-0.984053352525293
35.7069777548274,-0.07443342910004629,0,-0.2850644871602678
33.07579020126144,0.620672097550678,1,2.3414578107380977
25.936825363281663,0.17770100093325383,1,1.4076200769322842
39.16894427371305,-1.3353443587101013,0,-4.655798302978571
24.952796259689975,0.3801978510059632,1,-0.06260730237125478
47.60055963689602,0.6105857452838231,1,0.7897128236083666
40.824397529345035,0.5597904479310398,1,1.1921684225981923
25.424485005350697,1.0807807255546218,1,2.8904208588473566
36.907909229501364,0.8339221545489041,1,1.7317703974492549
32.478435944094166,0.4591800792284367,1,0.08142357343541562
43.1917451041918,-0.07016571145864703,0,-0.6666179618501293
53.40450446023144,-1.6609609335159914,0,-4.801456180434004
21.248275303542556,0.42961821913258585,1,1.8838841232333223
41.150260791474174,0.20768768716311115,1,0.06564000838101225
38.398672044333594,0.27157883719537346,1,0.4017386894426863
46.713400764504655,-1.2767485758203094,0,-4.756944036308239
42.131966282376894,-1.0810565404082624,0,-3.2746087915995634
32.48030668261181,1.0531528533329035,1,2.3110299258078957
36.80946064333382,-0.03955515385665504,0,0.45446235167123494
32.03974143196511,0.6815006973726244,1,0.2586356001837622
50.76007138598598,0.028318376130461172,1,-0.2746745440610789
40.21311648671942,0.02975613949574519,1,0.3903757576789777
59.01190685753008,0.9382838059759977,1,2.9986859342504975
39.39339186185379,-0.5160447282173739,0,1.1448994793283749
32.91593233089537,0.09612077694098337,1,0.6381623553908576
24.86285607387173,-0.4622752887050425,0,-2.3908804629571376
21.96860323744055,-0.4344962274323156,0,-1.3989529293860197
24.158640569945103,-0.30917212346863937,0,-2.70376270387237
42.67126651011483,0.22213377163371284,1,0.5858015656043777
45.08725023229934,-0.4787486216634773,0,-2.2693019219911905
24.188092979678665,1.2557561255735208,1,4.682658652280724
48.950383140761154,-0.8946073022195039,0,-3.233362181254047
35.1693894831656,-0.18687164416135904,0,-0.6773808482793238
41.467930119855495,-0.4397310582741749,0,-1.9547510162269282
56.122206282554245,1.4469778843537329,1,6.07978500491453
48.96839315865532,0.19655477651157463,1,0.2684215634168122
37.314693520941674,1.0318445394686349,1,4.928090661885107
31.088077745847126,-1.485560373036972,0,-3.64252935699265
18.48184598670695,0.26705026586925884,1,1.2832175249431628
32.8084668075758,0.889630795623437,1,3.037625534187831
37.88869761172305,0.08228398927542419,1,0.640649266042524
30.12820472848816,1.0654803750653512,1,1.2687685458504436
38.68743032907695,-0.5172884501003722,0,-1.8307487444518729
40.768518829587684,1.40934744018558,1,5.0732002917410615
37.751440181919214,2.2988981236192503,1,6.847797187383645
33.4999741917654,-0.36283856043965906,0,-2.493705528122552
41.68654671966728,-0.4455025214007718,0,-1.3889120147797849
44.41940649569409,1.453384477117701,1,6.064258947608594
29.09600922557154,1.5795721457307124,1,5.985608152726856
54.1093237974627,-0.5228600271532683,0,-1.6305840908258367
39.014118677157384,-0.42018681709585726,0,-0.3091111742294851
40.188496229448475,-0.2817846088605072,0,-1.2118608469495735
47.08214423256557,-1.344450511034277,0,-5.73722311992955
42.332161312635016,-0.9186519464841982,0,-3.680421827582149
49.53136633913245,-1.0041407667520679,0,-1.449533531748006
42.87124165201824,-0.7677975651041284,0,-2.5773857771416893
33.87562625359562,-0.03468488738678118,0,-0.34743864153536164
43.61503525206102,0.23421473253652075,1,0.40280600133468175
28.562737926793382,1.5505004928140769,1,6.555638068015237
41.085597057765234,-0.998354040738791,0,-1.3691032068543096
39.66770009355539,0.9843223984765838,1,5.171747428877885
37.918831427274604,-0.21398884422550896,0,-0.8010117430765782
38.71462488561069,-0.04946370965243295,0,0.14723335978979624
21.18150954502361,0.6748194921666038,1,0.5078159270790201
34.512750922590385,-1.1227220215622986,0,-1.8912316385686214
40.928449011411146,0.3824097461840506,1,-0.020550312715783114
41.598563919974005,0.1664522082130561,1,0.7161321884017974
29.72324859074042,0.4924512640081491,1,0.3800512643916032
52.65707840864701,0.2891686439078181,1,0.2786391049847583
31.338251517854992,2.4553001399108942,1,6.528637988682982
49.69457200526737,-0.637739984251316,0,-2.5210952134297657
44.27194361871685,-0.5309969550018176,0,-2.1321135681544314
33.53772690156197,-0.6231405264247644,0,-2.41769037419937
57.75310892609512,-0.5554771191602547,0,-0.8330974457004567
28.0636316824352,-0.6373871273065177,0,-3.0170241749820734
49.191541736100014,1.1890165311075518,1,3.787591020336522
50.005823180429786,1.4205042479898549,1,5.479471896275124
33.293797909233554,-0.5707462937494763,0,-2.2254352457618247
53.92465300064329,-0.8323555731042287,0,-3.214985610060288
37.49953485401047,0.4714155563864041,1,1.1837220439789615
42.88693629279857,-0.5522230442809712,0,-0.4769439244822036
42.603218387712204,0.6329318177555108,1,2.09290308421989
38.65691258529452,0.2029230208512997,1,0.07755476794630056
48.10808273159782,-1.515744114997232,0,-4.063355693803656
47.93488720552213,1.5475052013300616,1,3.540223454153762
22.514680267618193,1.7958776730955217,1,6.068992529729513
53.043402428781526,-0.6127886904843862,0,-1.429758763751391
23.375080119643258,-0.38770155993598415,0,-1.4709131509468367
50.32546204341657,0.28586539072490497,1,0.01901037372748393
51.26705136827583,0.334456789987025,1,0.11668944767761769
29.09033569784802,0.6585442726728304,1,2.5104501543644013
35.891857120454155,2.0102045387663496,1,7.259594118788111
28.94295331514064,-0.1769472274940494,0,-1.168149429510943
37.850789697112646,-0.7982972445384537,0,-1.936505030063877
36.919657158142584,-1.3793192280145272,0,-6.224984702645651
47.796605322693395,-0.7309300399419191,0,-2.777407850482957
53.10308746119608,-0.033126972873797095,0,-0.13043985149229323
53.95683810789956,1.7945578635177877,1,4.473990173571529
34.37831973421698,-0.5176112990361714,0,-2.48934027189811
37.90778126255472,0.2237879516388985,1,0.0035842984478092754
23.165618077790498,-0.016422896072752075,0,0.24292404010811694
31.94129933503811,1.188393273448084,1,3.377850801937877
49.64851633097457,2.5269324258736217,1,5.342566044295893
56.15582823548232,-0.5308687729203206,0,-3.713306471396028
27.65651128120078,-0.48943944251822213,0,-2.075183505411842
34.075357408471056,1.044160877069072,1,3.590169217260768
39.73594243041073,0.6818914896263114,1,-0.7018303738463003
42.80161158819607,1.8467073257360336,1,5.04039180105647
31.90396480078354,0.5839281853259639,1,1.2255366994604706
44.24061044464089,-0.35929209078705954,0,0.3104615058472693
35.26160652929084,0.5906548306923093,1,1.386942680364064
39.855477291217206,1.1087035805829077,1,3.7090997264896517
45.462842480037,0.820482181197364,1,2.6027036836795556
40.064222698109376,0.5072740311072977,1,-0.6087443864853075
35.63614109473431,1.066674689589154,1,3.9682312853991992
38.90390196074169,1.1692955904456728,1,3.7232832767933064
39.11637040794665,1.3821589910375272,1,4.654745612787171
36.29988970117872,0.6487098875896427,1,5.8723673692052545
37.41203937332897,-0.16711808031685435,0,-2.5854671804491516
55.986471705047165,0.14671368643332283,1,2.164837709061077
45.60919447941239,1.2065089665083568,1,3.332079380124715
37.045196819708394,-0.8169356709872361,0,-2.163478108558699
46.969544045107355,0.3686733088729012,1,1.0605076813174612
36.6618051024399,-0.3933388123273607,0,-1.6042527703801255
51.73124637586641,0.028744822934817487,1,-0.4835984594343063
43.69642192198094,1.2784518626072987,1,4.164864323394905
38.92697855995771,0.19109906801990334,1,-0.9438764926119692
44.477169258102776,0.04643654815614881,1,0.889888811990212
24.291238479315005,-1.3598561409799192,0,-4.495762827825012
28.73232531090195,0.7462535660272207,1,1.1086913590413041
28.060749936009444,0.6454841811410754,1,1.4864396854274124
41.429430947637066,2.16325472330546,1,7.746913386778953
57.32514999485092,-0.30777823495300083,0,-1.4586697918752256
62.31300146192632,0.21915032766393897,1,1.0159046012014372
46.380511014407574,0.24938368371075526,1,0.017194775416792485
45.00844474944457,1.5774532797634744,1,5.490281689214042
21.98942265847261,-0.0952955323869521,0,0.3996211416293478
34.57326200265978,0.27902152577033923,1,2.6856734106074294
32.12216248091761,0.6078965097165392,1,1.648125583650402
33.79152401748884,0.1866091231563581,1,1.228482174226981
38.318561814152105,-0.44643361455052827,0,-1.2412333041126402
35.27909422302873,0.19408999289830758,1,1.8781417605579371
20.207001896242122,1.073631749859772,1,2.5020628619705856
47.47910256117534,-1.0265152994110602,0,-2.3345405853558994
29.272569742601934,0.132969674146876,1,0.2042117263239463
42.39246864111149,-0.7001208149391732,0,-2.1645506219260175
60.740826697499735,1.1950466289248425,1,3.6768923712229005
30.806154084135766,-1.5231869047837747,0,-4.317320317924646
14.697124772536704,-0.5589218472715883,0,-1.7929945849367233
37.139957781198895,0.37721187506452086,1,1.3463488083640889
51.00959634998571,1.5655240292343404,1,6.274690145265206
59.583474542205934,-0.0657502610729878,0,0.788198902396255
27.70450405547583,-0.5551995266931984,0,-0.7964439875826986
44.966992232365214,1.8811570694405901,1,5.1879316822979
35.34689543219947,-1.448013900416244,0,-5.233282529477056
38.94051645695864,-2.198805956620082,0,-5.641117311622493
66.44343347017035,0.4400144500533324,1,2.1960901426897914
24.970296716048466,-0.5020542243526112,0,-0.033491997306851484
42.537396614945735,-1.0212328171307132,0,-3.6676790773613694
44.676931717654334,0.7083564472993533,1,1.8955206865377128
50.857863249393475,0.24380071377119883,1,-0.9080820212118377
40.97983153470896,-0.5640786307367284,0,-2.084706998271058
43.08050539504102,-1.2803043986708944,0,-2.8443426854332357
36.08351432578209,0.8724573282801447,1,2.150876605612236
42.69126941245107,0.650201177958661,1,2.5910833290768065
36.5680772450259,-0.09917586377938291,0,-0.48803069733596005
46.21571889856051,1.8466369960476658,1,5.8639680163645584
36.30389663956366,-1.0700847663261526,0,-4.357945688794125
43.77100393902187,-1.5255251709247388,0,-4.491366063140315
39.707371863150215,-0.6919080698812444,0,-5.066860180544456
51.26050250772168,-0.045586016355497805,0,-0.32365420722847826
39.48606276411514,0.24333944932269183,1,-0.9004548957470646
22.269675317931185,-0.24123605785632987,0,0.48228634297782635
52.619215007139914,0.3520553965142968,1,1.8335735423074015
30.94267699137381,-1.251539424190444,0,-3.2879472906052514
33.4623366135118,1.4437646040732595,1,5.852300039379158
34.04338705956508,-0.0821511783925688,0,-1.1953700560025435
53.74438093170817,1.1172958315881276,1,5.0992506926799415
18.643257860213044,0.34272534637770413,1,1.9603676033934971
71.37748533659993,0.4567532191537839,1,1.1337043702424057
50.56056809066052,0.5697672802322039,1,2.844921987879556
42.2323891412916,0.44770856001731496,1,0.23683216764031068
39.451059993837134,0.6427227598675439,1,1.103654118074958
42.85554074857657,1.3291525301324314,1,3.378867867157594
45.211224283793385,0.19652116970147013,1,0.060585801040395126
46.45215585950057,0.7090037575885123,1,1.070453630005284
45.55604466003449,-0.08973569428722672,0,0.9538759842336448
40.895806812552486,1.4401172154494728,1,4.061497245978587
38.02661579692674,-0.6763923020592697,0,-1.6766719378209294
38.487267163464885,1.8009404329108156,1,4.832469932318767
38.05091719647319,-0.04015795064434341,0,-1.9410771524815473
51.337700968670646,-1.4307751021180481,0,-4.022267947962723
45.935567222808615,0.12810441491078928,1,-1.527941730687409
10.596113653357197,-0.6810516574748808,0,-2.111789018510111
46.55900776529761,0.8406435489887241,1,1.153615608133362
41.94736194718775,-0.6526239793023909,0,0.029404061323635267
39.81291243554102,-0.4461834332147797,0,-0.42718757746961755
36.11481546911114,-1.889540730945531,0,-5.562868401565113
51.24112719986013,-0.4523063192490767,0,-0.09321228009256166
49.475264621228575,-2.4238793266289567,0,-8.117953957352606
32.27122332176391,-1.5839028234857233,0,-4.208229091787077
44.07052287124535,0.7604146561442974,1,2.4810544021516057
30.283432654587138,0.7858001586508322,1,2.6214205572861666
26.203818352110694,0.42545756178496474,1,2.5487261854616623
33.73282775410035,-0.966976143129213,0,-2.1684363266078366
48.62393472382759,-0.047711356141979855,0,0.1455895943990837
49.53125045376087,-0.0036025390905684044,0,-1.6656950535000015
45.130854200972934,-1.1583646891925428,0,-4.4351403628570925
47.25095786847997,1.5033983017671506,1,4.387485971705727
45.16178287114958,0.8773622905756714,1,2.7254592460036653
33.585184047770476,-0.22096417382966393,0,-1.7930962461629156
44.31922544673941,0.02688583899453078,1,2.4923341925620135
48.00409525227683,0.20838280794755248,1,2.1415424790962305
47.542913298135744,-2.0417348684242906,0,-5.523086284880389
51.88913371474643,-0.24717738252059693,0,-0.669495286278046
47.083038472010635,-0.6819842479977986,0,-2.2581617138945473
43.51448207541583,-1.0016200098949155,0,-3.956778489706982
50.701502383164275,-0.2811002928859549,0,-0.7658203601390021
39.7347874075094,1.7976865268495226,1,5.650812120691318
31.18125348772282,0.6408428612670098,1,0.6807680083194052
38.36933036056236,-0.5711789897827968,0,-1.3793605521034928
32.55097355193551,0.5725827813561586,1,1.562489295243727
